-- phpMyAdmin SQL Dump
-- version 4.4.15.7
-- http://www.phpmyadmin.net
--
-- Host: localhost
-- Generation Time: 2017-10-18 08:50:45
-- 服务器版本： 5.6.31-log
-- PHP Version: 5.6.23

SET SQL_MODE = "NO_AUTO_VALUE_ON_ZERO";
SET time_zone = "+00:00";


/*!40101 SET @OLD_CHARACTER_SET_CLIENT=@@CHARACTER_SET_CLIENT */;
/*!40101 SET @OLD_CHARACTER_SET_RESULTS=@@CHARACTER_SET_RESULTS */;
/*!40101 SET @OLD_COLLATION_CONNECTION=@@COLLATION_CONNECTION */;
/*!40101 SET NAMES utf8mb4 */;

--
-- Database: `university`
--

-- --------------------------------------------------------

--
-- 表的结构 `courses`
--

CREATE TABLE IF NOT EXISTS `courses` (
  `id` int(10) unsigned NOT NULL,
  `name` varchar(45) COLLATE utf8_unicode_ci NOT NULL COMMENT '课程名称',
  `comment` varchar(200) COLLATE utf8_unicode_ci DEFAULT NULL COMMENT '课程说明',
  `school_id` int(10) unsigned NOT NULL COMMENT '所属学校',
  `school` varchar(45) COLLATE utf8_unicode_ci NOT NULL COMMENT '所属学校',
  `department_id` int(10) unsigned NOT NULL COMMENT '所属系',
  `department` varchar(45) COLLATE utf8_unicode_ci NOT NULL COMMENT '所属系',
  `major_id` int(10) unsigned NOT NULL COMMENT '所属专业',
  `major` varchar(45) COLLATE utf8_unicode_ci NOT NULL COMMENT '所属专业',
  `created_at` timestamp NULL DEFAULT NULL,
  `updated_at` timestamp NULL DEFAULT NULL
) ENGINE=InnoDB AUTO_INCREMENT=4 DEFAULT CHARSET=utf8 COLLATE=utf8_unicode_ci;

--
-- 转存表中的数据 `courses`
--

INSERT INTO `courses` (`id`, `name`, `comment`, `school_id`, `school`, `department_id`, `department`, `major_id`, `major`, `created_at`, `updated_at`) VALUES
(1, '数字摄影', NULL, 1, '贵州大学明德学院', 1, '传媒系', 1, '游戏软件开发方向', '2017-05-09 03:00:01', '2017-05-09 17:37:59'),
(2, '创新与创业', NULL, 1, '贵州大学明德学院', 1, '传媒系', 1, '游戏软件开发方向', '2017-05-09 03:16:34', '2017-05-09 03:16:34'),
(3, '贵州省情', NULL, 1, '贵州大学明德学院', 1, '传媒系', 1, '游戏软件开发方向', '2017-05-09 03:18:06', '2017-05-09 17:41:01');

-- --------------------------------------------------------

--
-- 表的结构 `departments`
--

CREATE TABLE IF NOT EXISTS `departments` (
  `id` int(10) unsigned NOT NULL,
  `name` varchar(45) COLLATE utf8_unicode_ci NOT NULL COMMENT '系名称',
  `school_id` int(10) unsigned NOT NULL COMMENT '所属学校',
  `description` text COLLATE utf8_unicode_ci COMMENT '系介绍',
  `created_at` timestamp NULL DEFAULT NULL,
  `updated_at` timestamp NULL DEFAULT NULL
) ENGINE=InnoDB AUTO_INCREMENT=93 DEFAULT CHARSET=utf8 COLLATE=utf8_unicode_ci;

--
-- 转存表中的数据 `departments`
--

INSERT INTO `departments` (`id`, `name`, `school_id`, `description`, `created_at`, `updated_at`) VALUES
(1, '传媒系', 1, '', '2017-05-09 02:56:34', '2017-05-09 02:56:34'),
(2, '药学院', 6, '', '2017-05-09 17:23:50', '2017-05-09 17:23:50'),
(3, '信息系', 1, '', '2017-05-16 19:45:17', '2017-05-16 19:45:17'),
(4, '生物系', 1, '', '2017-05-16 19:45:28', '2017-05-16 19:45:28'),
(5, '电气系', 1, '', '2017-05-16 19:45:45', '2017-05-16 19:45:45'),
(6, '经济系', 1, '', '2017-05-16 19:45:55', '2017-05-16 19:45:55'),
(7, '管理系', 1, '', '2017-05-16 19:46:06', '2017-05-16 19:46:06'),
(8, '土木系', 1, '', '2017-05-16 19:46:20', '2017-05-16 19:46:20'),
(9, '国际经济学院', 2, '', '2017-05-16 22:19:00', '2017-05-16 22:19:00'),
(10, '金融学院', 2, '', '2017-05-16 22:19:15', '2017-05-16 22:19:15'),
(11, '工商管理学院', 2, '', '2017-05-16 22:19:58', '2017-05-16 22:19:58'),
(12, '会计学院', 2, '', '2017-05-16 22:20:18', '2017-05-16 22:20:18'),
(13, '信息学院', 2, '', '2017-05-16 22:20:30', '2017-05-16 22:20:30'),
(14, '资源与环境管理学院', 2, '', '2017-05-16 22:20:52', '2017-05-16 22:20:52'),
(15, '管理科学与工程管理学院', 2, '', '2017-05-16 22:21:39', '2017-05-16 22:21:39'),
(16, '文化传播学院', 2, '', '2017-05-16 22:21:57', '2017-05-16 22:21:57'),
(17, '法学院', 2, '', '2017-05-16 22:22:08', '2017-05-16 22:22:08'),
(18, '数学与统计学院', 2, '', '2017-05-16 22:22:30', '2017-05-16 22:22:30'),
(19, '外国语学院', 2, '', '2017-05-16 22:22:58', '2017-05-16 22:22:58'),
(20, '成人教育学院', 2, '', '2017-05-16 22:23:15', '2017-05-16 22:23:15'),
(21, '艺术学院', 2, '', '2017-05-16 22:23:28', '2017-05-16 22:23:28'),
(22, '旅游管理学院', 2, '', '2017-05-16 22:23:44', '2017-05-16 22:23:44'),
(23, '财政与税收学院', 2, '', '2017-05-16 22:24:05', '2017-05-16 22:24:05'),
(24, '公共管理学院', 2, '', '2017-05-16 22:24:22', '2017-05-16 22:24:22'),
(25, '教育管理学院', 2, '', '2017-05-16 22:24:46', '2017-05-16 22:24:46'),
(26, '文学院', 3, '文学院始建于1941年，前身为国立贵阳师范学院国文系，是我校最早设立的四个系科之一，著名学者尹炎武、谢六逸、王驾吾、谭戒甫、蹇先艾、汤炳正、姚奠中、张汝舟、李独清等曾在此执教。1985年改名中文系，2003年成立更名为文学院。\r\n\r\n       学院现有中国语言文学一级学科博士点，包括文艺学、汉语言文字学、中国古代文学、中国现当代文学等二级学科博士点；有中国语言文学一级学科硕士点，以及艺术学理论、课程教学论、学科教学·语文3个二级学科硕士点；并有汉语言文学、汉语国际教育、广播电视学和播音与主持艺术四个本科专业。建有文学·教育与文化传播研究中心、民族和谐语言研究与应用中心等省级研究平台及多个校级研究平台。', '2017-05-16 22:38:25', '2017-05-16 22:38:25'),
(27, '法学院', 3, '法学专业创建于1992年,2003年组建法学院。2010年获批法学一级学科硕士学位授权点。学院现是省级卓越法学研究生教育创新基地、省级卓越法律人才教育培养基地；学院设有贵州师范大学知识产权中心、贵州省法律援助贵州师范大学工作站；贵州省法学会诉讼法学研究会挂靠法学院。\r\n\r\n       学院严格按照“宽口径、厚基础、高质量”的要求，秉持“慎思笃行，博学致新”的办学理念，发扬学风活跃、治学严谨的优良传统，注重加强学术交流，拓展学生知识面，强化学术科研意识，努力培养具备深厚人文素养、崇高法律信仰、娴熟法律技能、较强实践能力的社会主义法律专业人才，为实施依法治国方略做出积极贡献。\r\n\r\n', '2017-05-16 22:38:48', '2017-05-16 22:38:48'),
(28, '历史与政治学院 ', 3, '历史与政治学院的前身分别为历史系和政治教育系。历史系由1941年建校时设立的史地科发展而来，政治教育系于1960年成立。2003年，政治经济系一部与历史与决策科学系合并组建“历史与政治学院”。学院现有1个博士学位一级学科授权点（马克思主义理论）、3个硕士学位一级学科授权点（马克思主义理论、历史学、政治学）、19个硕士学位二级学科授权点，5个全日制本科专业（思想政治教育、历史学、社会工作、政治学与行政学、公共事业管理），2个全国高校特色专业建设点（思想政治教育、历史学）。\r\n\r\n', '2017-05-16 22:39:18', '2017-05-16 22:39:18'),
(29, '经济与管理学院', 3, '经济与管理学院学科涵盖经济学、管理学两大门类，拥有经济学、管理学两个一级学科，建有管理科学与工程系、工商管理系和经济系，下设信息管理与信息系统、电子商务、市场营销、财务管理、经济学五个本科专业。拥有“管理科学与工程”一级学科硕士点。设有“贵州师范大学毕节试验区开发扶贫、生态建设研究中心”和“贵州师范大学电子商务研究所”两个机构。一个“经济管理与创业模拟实验室”；一个省级“大学生经济管理创新创业训练中心”。\r\n\r\n       学院与韩国岭南大学、美国俄亥俄洲立大学、泰国博仁大学、日本福山大学、厦门大学互派了交换生；与法国国立科学与技术大学合作开展“管理学”硕士项目；与贵州省委政策研究室等相关政府部门及工商银行贵州分行、中国移动贵州公司等企业建立了较为稳定的教学实践、实习基地。\r\n\r\n', '2017-05-16 22:39:44', '2017-05-16 22:39:44'),
(30, '外国语学院 ', 3, '外国语学院成立于2003年，前身为创建于1941年的国立贵阳师范学院英语学系，是我校最早建立的四个系科之一。世界著名文学翻译家杨宪益先生任首任系主任。\r\n\r\n       学院拥有外国语言文学一级学科硕士点，外国语言学及应用语言学、英语语言文学、日语语言文学三个二级学科硕士点，英语教育硕士、翻译硕士两个专业学位硕士点，同时还招收和培养课程教学论英语教育方向的硕士研究生，并与美国奥克兰大学联合培养硕士研究生。2014年获批贵州省翻译硕士学位研究生工作站。学院设有英语、日语、俄语三个本科专业，其中英语专业为贵州省高校示范性本科专业。\r\n\r\n       学院还与日本福山大学合作，设日本学研究中心，联合创办有国际期刊《日本学研究》，并与日本福山大学和日本长崎外国语大学联合培养本科生。教育部考试中心全国外语等级考试（WSK）贵州考点设在学院。\r\n\r\n', '2017-05-16 22:40:14', '2017-05-16 22:40:14'),
(31, '教育科学学院', 3, '教育科学学院前身是1941年成立时的国立贵阳师院教育学系。2003年8月,教育系与1999年成立的教育技术信息系合并组建教育科学学院。2010年，学校将教育科学学院、心理健康教育与咨询中心合署办公。\r\n\r\n       目前，学院有5个全日制本科专业（教育学、应用心理、教育技术学、学前教育、小学教育）；2个一级学科硕士学位授权点（教育学、心理学），1个专业硕士教育硕士（教育管理方向）授权点。贵州省教育厅指定的“贵州省心理健康教育骨干教师培训中心”、“贵州省中小学省级教师培训贵州师范大学基地”挂靠学院。多年来承担了中小学骨干教师国家级培训、中小学骨干教师省级培训等培训，已形成多层次、多类型、多功能、集教师教育职前职后教育于一体的开放式办学格局。\r\n\r\n', '2017-05-16 22:41:56', '2017-05-16 22:41:56'),
(32, '数学科学学院', 3, '数学科学学院前身是贵州师范大学1941年建校之初设立的“国立贵阳师范学院数学系”。现有教职工67人，专任教师56人，其中教授17人，副教授28人，博士生导师8人，硕士生导师21人；有1个国家级教学团队。专业厚实，现有3个本科专业（数学与应用数学、信息与计算科学和应用统计学），有数学一级学科博士点和硕士点；有1个教育部“卓越教师人才培养计划改革项目”；“数学与应用数学专业”是教育部第一批特色专业，信息与计算科学专业是贵州省重点产业重点学科人才培养基地，数学学科是省级特色重点学科。科研实力强，现有在研国家级项目13项，省部级项目15项，在研经费600多万元；每年发表SCI期刊论文20篇以上。学院现有本科生700余人，硕士研究生 130多人，博士生8人（留学生1人）。　　\r\n\r\n', '2017-05-16 22:42:26', '2017-05-16 22:42:26'),
(33, '物理与电子科学学院', 3, '物理与电子科学学院，起源于1941年10月国立贵阳师范学院创建时设立的理化科，1943年升格为理化系，1952年成立物理系，1994年更名为物理与电子科学系，2003年与化学系合并组建理学院，2008年学科调整后成立物理与电子科学学院。\r\n\r\n       学院现有物理学、电子信息科学与技术、电子信息工程三个本科专业，在物理学专业下增设了通用技术本科方向；研究生专业设有课程与教学论（物理）、学科教学（物理）、计算物理及数值分析、智能控制与信息系统、天体物理与天文数据信息处理五个方向。\r\n\r\n', '2017-05-16 22:42:49', '2017-05-16 22:42:49'),
(34, '化学与材料科学学院', 3, '化学与材料科学学院成立于2008年9月，其前身是1941年建立的贵阳师范学院理化科，1956年设为化学系，是贵州师范大学最早成立的理科系之一。\r\n\r\n       学院具有分析化学硕士学位授予权，在分析化学、环境化学、课程与教学论（化学）、学科教学（化学）等专业和方向招收培养硕士研究生。现有省级示范性本科专业化学、省级特色本科专业应用化学及科学教育、材料化学等四个本科专业，是高等教育自学考试化学教育本科专业的主考单位。\r\n\r\n       学院近年来的科学研究水平不断提升，建有贵州省功能材料化学重点实验室、省级分析化学专业实验室、贵阳市大气细粒子污染与防治重点实验室，校级功能材料研究所等教学科研机构。在环境分析化学、天然产物化学和材料化学等研究领域，结合贵州省经济建设，开展各种形式的产、学、研合作，逐渐形成了自己的研究特色。\r\n\r\n', '2017-05-16 22:43:10', '2017-05-16 22:43:10'),
(35, '生命科学学院', 3, '生命科学学院成立于2008年8月，其前身为贵阳师范学院生物系，始建于1956年。\r\n\r\n       学院现有4个本科专业（生物科学、生物技术、生物工程、园艺）、2个一级学科硕士学位授权点（生物学、生态学）和1个教育专业学位授权点（学科教学:生物）；建设有1个国家级特色专业（生物科学）、1个国家级专业综合改革专业（生物技术）、1个国家级实验教学示范中心（生命科学）、1个省级示范专业（生物技术）和4门省级精品课程（生物化学、遗传学、细胞生物学和动物学）；打造了1个教育部科技创新团队、1个省级特色重点学科、1个省级教学团队和1个省级重点实验室。\r\n\r\n       学院倡导教学、科研并重，实施开放式人才培养模式，因材施教，注重培养学生良好的国际化视野、独立的创新精神和较强的专业实践能力。\r\n\r\n', '2017-05-16 22:43:29', '2017-05-16 22:43:29'),
(36, ' 地理与环境科学学院', 3, ' 地理与环境科学学院下设地理科学系、人文地理与城乡规划系、地理信息科学系、环境科学系、园林系。2009年被人力资源与社会保障部、教育部共同授予全国教育系统“先进集体”荣誉称号。\r\n\r\n       学院设有地理科学、地理信息科学、园林、自然地理与资源环境、人文地理与城乡规划、环境科学等本科专业；拥有地理学一级学科博士学位授权点、硕士学位授权点；拥有环境工程、地理教育两个专业硕士学位授权点。地理科学2007年获批教育部国家级特色专业、贵州省示范专业。地理学2011年被确定为贵州省特色重点学科；自然地理学1992年被批准为贵州省第一批省级重点学科，2006年人文地理学获批省级重点学科。\r\n\r\n       学院独立建设“贵州省山地资源与环境遥感应用重点实验室”一个；牵头建设“贵州省喀斯特山地生态环境与资源利用协同创新中心”等。\r\n\r\n', '2017-05-16 22:43:55', '2017-05-16 22:43:55'),
(37, '  音乐学院', 3, '  音乐学院办学历史可追溯到1948年贵州省立艺术馆开设的艺术训练班；1984年3月筹备组建艺术系，1985年9月成立艺术系并恢复招收本科学生；1998年10月成立音乐系，2003年10月更名为音乐学院。\r\n\r\n       音乐学院是教育部本科专业第一批课程改革试点单位，建有贵州省普通高校“音乐艺术实训教学示范中心”，音乐与舞蹈学为省级重点学科，音乐学为贵州省普通高校示范性本科专业。学院现有艺术硕士（MFA）专业学位授权点1个、硕士专业学位授权点1个（学科教学），贵州师范大学钢琴艺术研究中心挂靠音乐学院；设有音乐学、音乐表演和舞蹈学三个本科专业，声乐、钢琴、管弦乐、民族器乐、舞蹈、理论作曲与音乐制作、基础理论、合唱指挥与即兴伴奏、史论及民族音乐、艺术指导等教研室；成立了合唱团、民乐团、弦乐团、管乐团、室内乐团和交响乐团等团体。\r\n\r\n', '2017-05-16 22:44:15', '2017-05-16 22:44:15'),
(38, ' 美术学院', 3, ' 美术学院前身为国立贵阳师范学院艺术科,肇建于1949年7月，1984年3月恢复筹建艺术系，1998年10月成立美术系，2003年10月更名为美术学院。\r\n\r\n       美术学院以培养美术教育、美术创作和设计人才为主要任务，现有7个本科专业（美术学专业、绘画专业、环境艺术设计专业、视觉传达设计专业、摄影专业、动画专业和书法专业），3个硕士研究生专业——艺术学理论专业、学科教育专业（美术）、工业设计工程专业。\r\n\r\n', '2017-05-16 22:44:41', '2017-05-16 22:44:41'),
(39, ' 体育学院', 3, ' 体育学院创办于1942年，当时名为体育童子军专修科；1950年改为体育专修科；1958年7月改为贵阳体育专科学校；1961年并入贵阳师范学院成立体育系；2003年成立体育学院，现有体育教育等4各专业。学院下设体育人文、体育教育、民族传统体育、运动人体科学和体育与健康5各学科。\r\n\r\n       学院历经七十余年风雨，秉承“融专业素质、科技文化、人文教育”为一体的办学思路，培养厚基础、强能力、宽口径的复合型高素质体育人才。学院是贵州省内体育专业最齐全、硕士培养方向最多的教学科研单位，教学水平、学术能力在省内处于领先地位，经过几代人的辛勤努力和历史文化积淀，学院已成为贵州省体育教学、科学研究、社会服务和体育文化传承的重要基地，在西南地区有较大影响的体育院校。\r\n\r\n', '2017-05-16 22:45:11', '2017-05-16 22:45:11'),
(40, '机械与电气工程学院', 3, '机械与电气工程学院是在原“机械工程学院”、“电气工程学院”和“实训中心”的基础上，于2006年1月组建成立的工科学院。现有电气工程及其自动化、机械设计制造及其自动化、物联网工程、材料成型及控制工程4个专业。学院有国家大科学工程子午工程副主任设计师1人，校级学术带头人2人；RFID传感网络省级创新团队、电气信息工程省级教学团队、贵州省工程机械节能传动与控制科技创新人才团队等创新人才团队。\r\n\r\n       近年来，在全国大学生电子设计竞赛、全国大学生机械创新设计大赛、全国大学生数学建模竞赛、全国大学生工业设计大赛、全国大学生工程综合能力竞赛等比赛中均取得优异成绩。另外，学院还有电工、机加工等多个工种的技能鉴定培训。\r\n\r\n', '2017-05-16 22:45:29', '2017-05-16 22:45:29'),
(41, ' 材料与建筑工程学院', 3, ' 材料与建筑工程学院是由具有50多年办学历史、在社会享有良好办学声誉的贵州理工职业技术学院（原贵州省冶金学校）于2004年并入贵州师范大学后重新组建而成的工科学院。\r\n\r\n       学院现有材料工程、冶金工程、土木工程及工程管理四个学科，铝电解炭素材料工程技术研究中心、无机非金属功能材料重点实验室、工程材料研究所三个科研平台。设有金属材料工程、冶金工程、土木工程、工程管理四个本科专业。\r\n\r\n       学院坚持以教学为立院之本，科研为强院之路，深化教学改革，强化教学管理，从严治教，以培养基础扎实、综合素质高、实践能力强、具有创新精神的工程应用型本科人才和技术应用型高职人才为己任，为服务地方经济建设和社会发展做贡献\r\n', '2017-05-16 22:45:53', '2017-05-16 22:45:53'),
(42, ' 国际旅游文化学院', 3, ' 国际旅游文化学院成立于2007年，办学层次主要以普通高等教育本科为主，致力于培养国际化、专业化的应用型高级旅游管理人才，现成为我省规模最大、专业齐全、特色鲜明的旅游管理本科学院。\r\n\r\n       学院旅游管理专业是国家级特色专业和我省特色重点学科。现有贵州省唯一的旅游管理硕士专业学位（MTA）授权点，省级特色本科专业有旅游管理、英语（旅游英语）、文化产业管理、旅游管理（职教师资），其中，旅游管理专业下设酒店管理、旅游管理、导游、景区规划与管理4个专业方向；三本专业有音乐学（航空及高级综合服务）、艺术设计（旅游商品设计与营销），专科开设了旅游管理（含饭店管理）、会展策划与管理、旅游商品设计与营销三个专业；成人高等教育设有旅游管理本科、专科。\r\n\r\n', '2017-05-16 22:46:16', '2017-05-16 22:46:16'),
(43, '马克思主义学院', 3, '马克思主义学院命名于2010年3月，其前身是1989年成立的马列主义教学部，历史渊源可追溯至1950年贵阳师范学院的政治课教学研究组。\r\n\r\n       学院主要承担全校思想政治理论课教学、马克思主义理论学科建设和高校思政课教师培训工作，拥有1个教育部全国高校思想政治理论课教师社会实践研修基地，1个贵州省高校思想政治理论课教师培训基地，1门教育部“精彩一门课”立项建设课程，1门省级精品课程，3门校级精品课程。\r\n\r\n', '2017-05-16 22:46:46', '2017-05-16 22:46:46'),
(44, ' 国际教育学院', 3, ' 国际教育学院是贵州师范大学为了促进中外高等教育合作交流在原有的英国高等教育文凭项目部的基础上于2013年成立。\r\n\r\n       学院积极引进国际优质高等教育资源，与国外大学合作，开展多模式多层次的国际化人才培养工作，学院除举办3+1英国高等教育文凭（HND）项目外，还与美国、澳大利亚各大学联合举办硕士培养项目，提供多种留学深造渠道。\r\n\r\n       学院根据专业特点，为学生提供如上海外滩华尔道夫、深圳瑞吉、三亚海棠湾威斯汀等国际五星级酒店作为旅游管理专业实习、实训基地。学生还可以申请参加大学生暑期赴美社会实践（WAT）项目。\r\n\r\n       学生在完成前三年HND的课程获得英国高等教育文凭的同时，可获得人力资源和社会保障部职业技能中心颁发的职业资格证书，及中国国家职业资格证书三级（高级）。\r\n\r\n', '2017-05-16 22:47:55', '2017-05-16 22:47:55'),
(45, '大数据与计算机科学学院', 3, ' 大数据与计算机科学学院是在原数学与计算机科学学院计算机系及信息与计算科学重点实验室基础上组建，于2016年4月7日正式挂牌成立。有教职工58人，其中教授11人（二级教授1人）、副教授25人，博士生导师1人、硕士导师13人，享受国务院特殊津贴专家1人，省核心专家1人，省管专家2人，省大数据产业专家咨询委员会委员1人；拥有“计算机科学与技术”、“数字媒体技术”两个本科专业，“计算机科学与技术”、“网络空间安全”两个一级学科硕士点。学院以人才培养为根本,以大数据和互联网+技术研发为核心,以大数据应用为方向，以产学研合作为推手，打造大数据产业人才培养特色学院。\r\n\r\n', '2017-05-16 22:48:11', '2017-05-16 22:48:11'),
(46, '传媒学院', 3, '传媒学院是学校最年轻的学院之一。2016年，以广播电视学、播音与主持艺术专业为基础，整合校内优质资源，组建了贵州师范大学传媒学院。学院内有戏剧、影视方向艺术硕士（MFA）专业学位硕士点，有广播电视学、播音与主持艺术两个全日制本科专业。\r\n\r\n    学院积极探索和构建新型传媒人才培养模式，办学目标为：建立“基础＋核心＋特色”的课程设置体系，建立与“媒介融合”趋势结合紧密的专业实训体系，建立符合新时代传媒业发展需要的社会实践体系，培养具有“全媒体”思维方式和专业技能的高素质传媒人才。\r\n\r\n    学院与贵州日报、贵州广播电视台、贵阳广播电视台、贵州都市报、当代贵州等知名媒体和多家相关企业建立了良好的合作关系，并设立了学生实训实践基地。学院还聘请了多位广播电视、播音主持业界专家为兼职教授，为学生的培养奠定了良好的基础。\r\n\r\n', '2017-05-16 22:48:27', '2017-05-16 22:48:27'),
(47, '商学院', 8, '', '2017-05-16 22:52:42', '2017-05-16 22:52:42'),
(48, '法学院', 8, '', '2017-05-16 22:53:12', '2017-05-16 22:53:12'),
(49, '民族学与社会学学院', 8, '', '2017-05-16 22:53:46', '2017-05-16 22:53:46'),
(50, '体育与健康学院', 8, '', '2017-05-16 22:54:06', '2017-05-16 22:54:06'),
(51, '文学院', 8, '', '2017-05-16 22:54:16', '2017-05-16 22:54:16'),
(52, '外国语学院', 8, '', '2017-05-16 22:54:37', '2017-05-16 22:54:37'),
(53, '传媒学院', 8, '', '2017-05-16 22:54:48', '2017-05-16 22:54:48'),
(54, '音乐舞蹈学院', 8, '', '2017-05-16 22:55:08', '2017-05-16 22:55:08'),
(55, '美术学院', 8, '', '2017-05-16 22:55:19', '2017-05-16 22:55:19'),
(56, '机械电子工程学院', 8, '', '2017-05-16 22:55:39', '2017-05-16 22:55:39'),
(57, '化学与生态环境工程学院', 8, '', '2017-05-16 22:56:10', '2017-05-16 22:56:10'),
(58, '数据科学与信息工程学院', 8, '', '2017-05-16 22:57:50', '2017-05-16 22:57:50'),
(59, '建筑工程学院', 8, '', '2017-05-16 22:58:09', '2017-05-16 22:58:09'),
(60, '旅游与航空服务学院', 8, '', '2017-05-16 22:58:40', '2017-05-16 22:58:40'),
(61, '预科教育学院', 8, '', '2017-05-16 23:01:35', '2017-05-16 23:01:35'),
(62, '基础医学院', 5, '', '2017-05-17 02:13:07', '2017-05-17 02:13:07'),
(63, '药学院', 5, '', '2017-05-17 02:13:20', '2017-05-17 02:13:20'),
(64, '骨伤学院', 5, '', '2017-05-17 02:13:35', '2017-05-17 02:13:35'),
(65, '针灸推拿学院', 5, '', '2017-05-17 02:13:55', '2017-05-17 02:13:55'),
(66, '护理学院', 5, '', '2017-05-17 02:14:15', '2017-05-17 02:14:15'),
(67, '人文学院', 5, '', '2017-05-17 02:14:39', '2017-05-17 02:14:39'),
(68, '研究生院', 5, '', '2017-05-17 02:14:54', '2017-05-17 02:14:54'),
(69, '马克思主义学院', 5, '', '2017-05-17 02:15:23', '2017-05-17 02:15:23'),
(70, '大学外语教学部', 5, '', '2017-05-17 02:15:42', '2017-05-17 02:15:42'),
(71, '体育健康学院', 5, '', '2017-05-17 02:16:04', '2017-05-17 02:16:04'),
(72, '信息工程学院', 5, '', '2017-05-17 02:16:25', '2017-05-17 02:16:25'),
(73, '继续教育学院', 5, '', '2017-05-17 02:16:51', '2017-05-17 02:16:51'),
(74, '第一临床学院', 5, '', '2017-05-17 02:17:20', '2017-05-17 02:18:16'),
(75, '第二临床学院', 5, '', '2017-05-17 02:17:45', '2017-05-17 02:17:45'),
(76, '高等职业技术学院', 8, '', '2017-05-17 02:27:53', '2017-05-17 02:27:53'),
(77, '马克思主义学院', 8, '', '2017-05-17 02:28:07', '2017-05-17 02:28:07'),
(78, '国际教育学院', 8, '', '2017-05-17 02:28:24', '2017-05-17 02:28:24'),
(79, '名族文化与认识科学院', 8, '', '2017-05-17 02:28:56', '2017-05-17 02:28:56'),
(80, '材料科学与工程学院', 8, '', '2017-05-17 02:29:13', '2017-05-17 02:29:13'),
(81, '艺术设计系', 7, '', '2017-05-24 17:22:33', '2017-05-24 17:22:33'),
(82, '经济管理系', 7, '', '2017-05-24 17:22:52', '2017-05-24 17:22:52'),
(83, '信息工程系', 7, '', '2017-05-24 17:23:13', '2017-05-24 17:23:13'),
(84, '轻工化工系', 7, '', '2017-05-24 17:23:32', '2017-05-24 17:23:32'),
(85, '机电工程系', 7, '', '2017-05-24 17:23:48', '2017-05-24 17:23:48'),
(86, '人文社科系', 7, '', '2017-05-24 17:24:47', '2017-05-24 17:24:47'),
(87, '建筑工程系', 7, '', '2017-05-24 17:30:24', '2017-05-24 17:31:02'),
(88, '文学部', 9, '', '2017-05-24 17:48:22', '2017-05-24 17:48:22'),
(89, '工学部', 9, '', '2017-05-24 17:48:44', '2017-05-24 17:48:44'),
(90, '管理学部', 9, '', '2017-05-24 17:49:04', '2017-05-24 17:49:04'),
(91, '法学部', 9, '', '2017-05-24 17:49:18', '2017-05-24 17:49:18'),
(92, '教育与艺术学部', 9, '', '2017-05-24 17:49:38', '2017-05-24 17:49:38');

-- --------------------------------------------------------

--
-- 表的结构 `leases`
--

CREATE TABLE IF NOT EXISTS `leases` (
  `id` int(10) unsigned NOT NULL,
  `name` varchar(45) COLLATE utf8_unicode_ci NOT NULL COMMENT '产品名称',
  `title` varchar(200) COLLATE utf8_unicode_ci NOT NULL COMMENT '租赁标题',
  `description` mediumtext COLLATE utf8_unicode_ci COMMENT '租赁描述',
  `tag` varchar(255) COLLATE utf8_unicode_ci DEFAULT NULL COMMENT '标签',
  `cover` varchar(255) COLLATE utf8_unicode_ci DEFAULT NULL COMMENT '封面图片',
  `unit_price` decimal(8,2) NOT NULL COMMENT '租赁单价',
  `total_qty` int(11) NOT NULL COMMENT '产品数量',
  `sale_qty` int(11) NOT NULL DEFAULT '0' COMMENT '已租数量',
  `left_qty` int(11) NOT NULL COMMENT '剩余数量',
  `status` enum('pending','published') COLLATE utf8_unicode_ci NOT NULL DEFAULT 'pending' COMMENT '状态',
  `owner` int(10) unsigned NOT NULL COMMENT '产品所有者',
  `cellphone` varchar(100) COLLATE utf8_unicode_ci NOT NULL COMMENT '联系电话,多个逗号分隔',
  `images` text COLLATE utf8_unicode_ci COMMENT '产品图片,多个逗号分隔',
  `created_at` timestamp NULL DEFAULT NULL,
  `updated_at` timestamp NULL DEFAULT NULL
) ENGINE=InnoDB AUTO_INCREMENT=26 DEFAULT CHARSET=utf8 COLLATE=utf8_unicode_ci;

--
-- 转存表中的数据 `leases`
--

INSERT INTO `leases` (`id`, `name`, `title`, `description`, `tag`, `cover`, `unit_price`, `total_qty`, `sale_qty`, `left_qty`, `status`, `owner`, `cellphone`, `images`, `created_at`, `updated_at`) VALUES
(2, '尼康D5200（测试）', '单反相机出租', '只租大学城的兄弟朋友', '单反相机出租', '/uploads/photos/3_1493177727image-1493177720130.default.jpg', '20.00', 1, 0, 0, 'published', 3, '18083103810', '/uploads/photos/3_1493177851image-1493177844957.default.jpg', '2017-04-25 19:38:06', '2017-05-09 03:09:23'),
(3, '学士服', '学士服出租', '', '学士服出租', '/uploads/photos/3_1493728290image-1493728276818.default.jpg', '50.00', 100, 0, 0, 'published', 3, '18275130820', '/uploads/photos/3_1493728311image-1493728297717.default.jpg', '2017-05-02 04:32:20', '2017-05-02 04:32:42'),
(4, '正装', '正装出租', '', '正装出租', '/uploads/photos/3_1493728428image-1493728415425.default.jpg', '50.00', 100, 0, 0, 'published', 3, '18275130820', '/uploads/photos/3_1493728431image-1493728417958.default.jpg', '2017-05-02 04:34:23', '2017-05-09 03:02:04'),
(5, '舞台装', '舞台装出租', '', '舞台装出租', '/uploads/photos/3_1494324726image-1494324709618.default.jpg', '50.00', 100, 0, 0, 'published', 3, '18275130820', '/uploads/photos/3_1494324737image-1494324720203.default.jpg', '2017-05-09 02:12:48', '2017-05-09 03:02:14'),
(6, '红军装', '红军装出租', '', '红军装出租', '/uploads/photos/3_1494324881image-1494324864485.default.jpg', '50.00', 100, 0, 0, 'published', 3, '18275130820', '/uploads/photos/3_1494324883image-1494324866356.default.jpg', '2017-05-09 02:15:04', '2017-05-09 03:02:23'),
(7, '话剧服', '话剧服出租', '', '话剧服出租', '/uploads/photos/3_1494325007image-1494324990223.default.jpg', '50.00', 100, 0, 0, 'published', 3, '18275130820', '/uploads/photos/3_1494325010image-1494324993629.default.jpg', '2017-05-09 02:17:08', '2017-05-09 03:02:32'),
(8, '宫廷服', '宫廷服出租', '', '宫廷服出租', '/uploads/photos/3_1494325146image-1494325129159.default.jpg', '50.00', 100, 0, 0, 'published', 3, '18275130820', '/uploads/photos/3_1494325149image-1494325132968.default.jpg', '2017-05-09 02:19:17', '2017-05-09 03:02:41'),
(9, '主持人服', '主持人服出租', '', '主持人服出租', '/uploads/photos/3_1494325255image-1494325238602.default.jpg', '50.00', 100, 0, 0, 'published', 3, '18275130820', '/uploads/photos/3_1494325258image-1494325241060.default.jpg', '2017-05-09 02:21:03', '2017-05-09 03:02:50'),
(10, '民族服', '民族服出租', '', '民族服出租', '/uploads/photos/3_1494325322image-1494325305311.default.jpg', '50.00', 100, 0, 0, 'published', 3, '18275130820', '/uploads/photos/3_1494325324image-1494325307518.default.jpg', '2017-05-09 02:22:08', '2017-05-09 03:03:08'),
(11, '汉服', '汉服出租', '', '汉服出租', '/uploads/photos/3_1494325398image-1494325381933.default.jpg', '50.00', 100, 0, 0, 'published', 3, '18275130820', '/uploads/photos/3_1494325394image-1494325377095.default.jpg', '2017-05-09 02:23:24', '2017-05-09 03:03:18'),
(12, '唐服', '唐服出租', '', '唐服出租', '/uploads/photos/3_1494325506image-1494325489800.default.jpg', '50.00', 100, 0, 0, 'published', 3, '18275130820', '/uploads/photos/3_1494325511image-1494325494552.default.jpg', '2017-05-09 02:25:15', '2017-05-09 03:03:29'),
(13, '玩偶服', '玩偶服出租', '', '玩偶服出租', '/uploads/photos/3_1494325580image-1494325563240.default.jpg', '50.00', 100, 0, 0, 'published', 3, '18275130820', '/uploads/photos/3_1494325583image-1494325566896.default.jpg', '2017-05-09 02:26:27', '2017-05-09 03:03:45'),
(14, '礼服', '礼服出租', '', '礼服出租', '/uploads/photos/3_1494325656image-1494325639832.default.jpg', '50.00', 100, 0, 0, 'published', 3, '18275130820', '/uploads/photos/3_1494325660image-1494325643305.default.jpg', '2017-05-09 02:27:43', '2017-05-09 03:03:54'),
(15, '和服', '和服出租', '', '和服出租', '/uploads/photos/3_1494325709image-1494325692290.default.jpg', '50.00', 100, 0, 0, 'published', 3, '18275130820', '/uploads/photos/3_1494325711image-1494325694305.default.jpg', '2017-05-09 02:28:39', '2017-05-09 03:04:03'),
(16, '韩服', '韩服出租', '', '韩服出租', '/uploads/photos/3_1494325784image-1494325767585.default.jpg', '50.00', 100, 0, 0, 'published', 3, '18275130820', '/uploads/photos/3_1494325795image-1494325778359.default.jpg', '2017-05-09 02:30:01', '2017-05-09 03:04:13'),
(17, '韩国校园服', '韩服出租', '', '韩服出租', '/uploads/photos/3_1494325969image-1494325952392.default.jpg', '50.00', 100, 0, 0, 'published', 3, '18275130820', '/uploads/photos/3_1494325970image-1494325953958.default.jpg', '2017-05-09 02:33:03', '2017-05-09 03:04:34'),
(18, '继承者同款', '继承者同款出租', '', '继承者同款出租', '/uploads/photos/3_1494326211image-1494326194476.default.jpg', '50.00', 100, 0, 0, 'published', 3, '18275130820', '/uploads/photos/3_1494326214image-1494326197415.default.jpg', '2017-05-09 02:37:09', '2017-05-09 03:04:50'),
(19, '旗袍', '旗袍出租', '', '旗袍出租', '/uploads/photos/3_1494326316image-1494326299082.default.jpg', '50.00', 100, 0, 0, 'published', 3, '18275130820', '/uploads/photos/3_1494326319image-1494326302761.default.jpg', '2017-05-09 02:38:54', '2017-05-09 03:05:00'),
(20, '民国服', '民国服出租', '', '民国服出租', '/uploads/photos/3_1494326430image-1494326413435.default.jpg', '50.00', 100, 0, 0, 'published', 3, '18275130820', '/uploads/photos/3_1494326434image-1494326417242.default.jpg', '2017-05-09 02:40:47', '2017-05-09 03:05:09'),
(21, '相声服', '相声服出租', '', '相声服出租', '/uploads/photos/3_1494326522image-1494326505210.default.jpg', '50.00', 100, 0, 0, 'published', 3, '18275130820', '/uploads/photos/3_1494326525image-1494326508563.default.jpg', '2017-05-09 02:42:16', '2017-05-09 03:05:17'),
(22, '印度服', '印度服出租', '', '印度服出租', '/uploads/photos/3_1494326582image-1494326565337.default.jpg', '50.00', 100, 0, 0, 'published', 3, '18275130820', '/uploads/photos/3_1494326585image-1494326568144.default.jpg', '2017-05-09 02:43:12', '2017-05-09 03:05:28'),
(23, '爵士舞服', '爵士舞服出租', '', '爵士舞服出租', '/uploads/photos/3_1494326816image-1494326799898.default.jpg', '50.00', 100, 0, 0, 'published', 3, '18275130820', '/uploads/photos/3_1494326818image-1494326801968.default.jpg', '2017-05-09 02:47:07', '2017-05-09 03:05:39'),
(24, '披风', '披风出租', '', '披风出租', '/uploads/photos/3_1494326885image-1494326868307.default.jpg', '50.00', 100, 0, 0, 'published', 3, '18275130820', '/uploads/photos/3_1494326888image-1494326871039.default.jpg', '2017-05-09 02:48:19', '2017-05-09 03:05:48'),
(25, '各类古装', '各类古装出租', '', '各类古装出租', '/uploads/photos/3_1494326982image-1494326965412.default.jpg', '50.00', 100, 0, 0, 'published', 3, '18275130820', '/uploads/photos/3_1494326985image-1494326968905.default.jpg', '2017-05-09 02:49:49', '2017-05-09 03:05:59');

-- --------------------------------------------------------

--
-- 表的结构 `majors`
--

CREATE TABLE IF NOT EXISTS `majors` (
  `id` int(10) unsigned NOT NULL,
  `name` varchar(45) COLLATE utf8_unicode_ci NOT NULL COMMENT '专业名称',
  `school_id` int(10) unsigned NOT NULL COMMENT '所属学校',
  `department_id` int(10) unsigned NOT NULL COMMENT '所属系',
  `description` text COLLATE utf8_unicode_ci COMMENT '专业介绍',
  `created_at` timestamp NULL DEFAULT NULL,
  `updated_at` timestamp NULL DEFAULT NULL
) ENGINE=InnoDB AUTO_INCREMENT=59 DEFAULT CHARSET=utf8 COLLATE=utf8_unicode_ci;

--
-- 转存表中的数据 `majors`
--

INSERT INTO `majors` (`id`, `name`, `school_id`, `department_id`, `description`, `created_at`, `updated_at`) VALUES
(1, '游戏软件开发方向', 1, 1, '', '2017-05-09 02:56:56', '2017-05-09 02:56:56'),
(2, '室内艺术设计', 7, 81, '', '2017-05-24 17:31:48', '2017-05-24 17:31:48'),
(3, '动漫设计', 7, 81, '', '2017-05-24 17:32:11', '2017-05-24 17:32:11'),
(4, '服装与服装设计', 7, 81, '', '2017-05-24 17:33:36', '2017-05-24 17:33:36'),
(5, '工艺美术品设计', 7, 81, '', '2017-05-24 17:34:12', '2017-05-24 17:34:12'),
(6, '物流管理', 7, 82, '', '2017-05-24 17:34:32', '2017-05-24 17:34:32'),
(7, '电子商务', 7, 82, '', '2017-05-24 17:34:45', '2017-05-24 17:34:45'),
(8, '工商企业管理', 7, 82, '', '2017-05-24 17:35:06', '2017-05-24 17:35:06'),
(9, '市场营销', 7, 82, '', '2017-05-24 17:35:48', '2017-05-24 17:35:48'),
(10, '市场营销（互联网营销方向）', 7, 82, '', '2017-05-24 17:36:25', '2017-05-24 17:36:25'),
(11, '计算机应用技术（大数据技术应用方向）', 7, 83, '', '2017-05-24 17:37:02', '2017-05-24 17:37:02'),
(12, '计算机网络技术', 7, 83, '', '2017-05-24 17:37:27', '2017-05-24 17:37:27'),
(13, '软件技术', 7, 83, '', '2017-05-24 17:37:50', '2017-05-24 17:37:50'),
(14, '城市轨道交通运营管理', 7, 83, '', '2017-05-24 17:38:26', '2017-05-24 17:38:26'),
(15, '物联网应用技术', 7, 83, '', '2017-05-24 17:39:02', '2017-05-24 17:39:02'),
(16, '数字媒体技术', 7, 83, '', '2017-05-24 17:39:27', '2017-05-24 17:39:27'),
(17, '酿酒技术', 7, 84, '', '2017-05-24 17:39:57', '2017-05-24 17:39:57'),
(18, '酿酒技术（白酒营销方向）', 7, 84, '', '2017-05-24 17:40:22', '2017-05-24 17:40:22'),
(19, '食品生物技术', 7, 84, '', '2017-05-24 17:40:51', '2017-05-24 17:40:51'),
(20, '烹调工艺与营养', 7, 84, '', '2017-05-24 17:41:25', '2017-05-24 17:41:25'),
(21, '药品生产技术', 7, 84, '', '2017-05-24 17:41:48', '2017-05-24 17:41:48'),
(22, '机电一体化技术', 7, 85, '', '2017-05-24 17:42:17', '2017-05-24 17:42:17'),
(23, '机电一体化技术（工业机器人方向）', 7, 85, '', '2017-05-24 17:42:39', '2017-05-24 17:42:39'),
(24, '机械制造与自动化（增材制造方向）', 7, 85, '', '2017-05-24 17:43:42', '2017-05-24 17:43:42'),
(25, '数控技术', 7, 85, '', '2017-05-24 17:43:59', '2017-05-24 17:43:59'),
(26, '机电设备维修与管理', 7, 85, '', '2017-05-24 17:44:25', '2017-05-24 17:44:25'),
(27, '汽车检测与维修技术', 7, 85, '', '2017-05-24 17:44:53', '2017-05-24 17:44:53'),
(28, '旅游管理', 7, 86, '', '2017-05-24 17:45:22', '2017-05-24 17:45:22'),
(29, '导游', 7, 86, '', '2017-05-24 17:45:34', '2017-05-24 17:45:34'),
(30, '酒店管理', 7, 86, '', '2017-05-24 17:45:48', '2017-05-24 17:45:48'),
(31, '建筑工程技术', 7, 87, '', '2017-05-24 17:46:08', '2017-05-24 17:46:08'),
(32, '工程造价', 7, 87, '', '2017-05-24 17:46:23', '2017-05-24 17:46:23'),
(33, '汉语言文学', 9, 88, '', '2017-05-24 17:50:08', '2017-05-24 17:50:08'),
(34, '新闻学', 9, 88, '', '2017-05-24 17:50:22', '2017-05-24 17:50:22'),
(35, '英语', 9, 88, '', '2017-05-24 17:50:38', '2017-05-24 17:50:38'),
(36, '网络与新媒体', 9, 88, '', '2017-05-24 17:50:58', '2017-05-24 17:50:58'),
(37, '计算机科学与技术', 9, 89, '', '2017-05-24 17:51:19', '2017-05-24 17:51:19'),
(38, '信息管理与信息系统', 9, 89, '', '2017-05-24 17:51:58', '2017-05-24 17:51:58'),
(39, '信息与计算机科学', 9, 89, '', '2017-05-24 17:52:17', '2017-05-24 17:52:17'),
(40, '工程造价', 9, 89, '', '2017-05-24 17:52:35', '2017-05-24 17:52:35'),
(41, '土木工程', 9, 89, '', '2017-05-24 17:52:56', '2017-05-24 17:52:56'),
(42, '城乡规划', 9, 89, '', '2017-05-24 17:53:14', '2017-05-24 17:53:14'),
(43, '工程管理', 9, 89, '', '2017-05-24 17:53:30', '2017-05-24 17:53:30'),
(44, '房地产开发与管理', 9, 89, '', '2017-05-24 17:53:50', '2017-05-24 17:53:50'),
(45, '市场营销', 9, 90, '', '2017-05-24 17:54:09', '2017-05-24 17:54:09'),
(46, '旅游管理（含导游、民族文化方向）', 9, 90, '', '2017-05-24 17:54:46', '2017-05-24 17:54:46'),
(47, '行政管理', 9, 90, '', '2017-05-24 17:55:02', '2017-05-24 17:55:02'),
(48, '人力资源管理', 9, 90, '', '2017-05-24 17:56:58', '2017-05-24 17:56:58'),
(49, '社会与劳动者保障', 9, 90, '', '2017-05-24 17:57:41', '2017-05-24 17:57:41'),
(50, '文化产业管理', 9, 90, '', '2017-05-24 17:58:10', '2017-05-24 17:58:10'),
(51, '法学', 9, 91, '', '2017-05-24 17:58:25', '2017-05-24 17:58:25'),
(52, '音乐学', 9, 92, '', '2017-05-24 17:58:42', '2017-05-24 17:58:42'),
(53, '美术学', 9, 92, '', '2017-05-24 17:58:55', '2017-05-24 17:58:55'),
(54, '体育教育', 9, 92, '', '2017-05-24 17:59:12', '2017-05-24 17:59:12'),
(55, '环境设计', 9, 92, '', '2017-05-24 17:59:26', '2017-05-24 17:59:26'),
(56, '视觉传达设计', 9, 92, '', '2017-05-24 17:59:51', '2017-05-24 17:59:51'),
(57, '动画', 9, 92, '', '2017-05-24 18:00:06', '2017-05-24 18:00:06'),
(58, '旅游体育', 9, 92, '', '2017-05-24 18:00:20', '2017-05-24 18:00:20');

-- --------------------------------------------------------

--
-- 表的结构 `migrations`
--

CREATE TABLE IF NOT EXISTS `migrations` (
  `migration` varchar(255) COLLATE utf8_unicode_ci NOT NULL,
  `batch` int(11) NOT NULL
) ENGINE=InnoDB DEFAULT CHARSET=utf8 COLLATE=utf8_unicode_ci;

--
-- 转存表中的数据 `migrations`
--

INSERT INTO `migrations` (`migration`, `batch`) VALUES
('2014_10_12_000000_create_users_table', 1),
('2014_10_12_100000_create_password_resets_table', 1),
('2016_11_15_015340_entrust_setup_tables', 1),
('2017_01_21_133437_create_user_photos_table', 1),
('2017_01_23_123602_create_secondary_markets_table', 1),
('2017_01_25_061037_create_leases_table', 1),
('2017_01_25_061512_create_part_time_jobs_table', 1),
('2017_01_25_073638_create_posts_table', 1),
('2017_01_22_113510_create_timetables_table', 2),
('2017_06_14_063022_create_panoramas_table', 3);

-- --------------------------------------------------------

--
-- 表的结构 `panoramas`
--

CREATE TABLE IF NOT EXISTS `panoramas` (
  `id` int(10) unsigned NOT NULL,
  `name` varchar(100) COLLATE utf8_unicode_ci NOT NULL,
  `url` varchar(255) COLLATE utf8_unicode_ci NOT NULL,
  `cover` varchar(255) COLLATE utf8_unicode_ci DEFAULT NULL COMMENT '封面图片',
  `remarks` varchar(255) COLLATE utf8_unicode_ci NOT NULL,
  `created_at` timestamp NULL DEFAULT NULL,
  `updated_at` timestamp NULL DEFAULT NULL
) ENGINE=InnoDB AUTO_INCREMENT=5 DEFAULT CHARSET=utf8 COLLATE=utf8_unicode_ci;

--
-- 转存表中的数据 `panoramas`
--

INSERT INTO `panoramas` (`id`, `name`, `url`, `cover`, `remarks`, `created_at`, `updated_at`) VALUES
(1, '贵州师范大学', 'http://universityadmin.esowav.cn/admin/720_list', '/uploads/photos/1_1501507714image-1501507793276.default.jpg', '贵州师范大学的前身——“国立贵阳师范学院”创建于1941年，是当时全国仅有的八所国立师范学院之一；新中国成立后，学校更名为“贵阳师范学院”；', '2017-06-13 23:42:36', '2017-08-16 16:56:22'),
(2, '贵阳中医学院', 'http://720yun.esowav.com/tour/bc64b7484485bdff', '/uploads/photos/1_1501507637image-1501507716184.default.jpg', '贵阳中医学院位于贵州省贵阳市，是经国家教育部批准设立的集教学、科研、医疗一体的省属中医药高等学校，是贵州省人民政府与国家中医药管理局共建高校。[1] \r\n学校创办于1965年，由原贵阳医学院祖国医学系，贵州省中医研究所，贵州省卫生干部进修学校，贵阳市中医医院合并组建而成，是贵州省唯一的中医药本科院校，1981年获批首批硕士学位授权单位，2006年成为省级重点支持建设高校。\r\n根据2017年2月学校官网显示，该校有南校区、北校区和花溪新校区3个校区，占地1785亩。其中花溪新校区占地面积1501.5亩，省发', '2017-07-31 05:03:47', '2017-07-31 06:01:24'),
(3, '贵州民族大学', 'http://720yun.esowav.com/tour/99f6cdba6e1b73aa', '/uploads/photos/1_1501509639image-1501509718042.default.jpg', '贵州民族大学（Guizhou Minzu University），隶属贵州省人民政府，是新中国创建最早的民族院校之一，是贵州省重点建设高校、贵州省人民政府和国家民委共建高校、教育部本科教学工作水平评估优秀等次高校和接受中国政府奖学金来华留学生高校。[1] \r\n学校创建于1951年5月17日，原名贵州民族学院，2012年经教育部和贵州省人民政府批准更名为贵州民族大学。[1] \r\n截至2016年3月，学校学校有两个校区：贵阳市花溪区和贵安新区大学城，占地面积2825亩，其中贵阳花溪校区1325亩、贵安新区大学', '2017-07-31 06:00:40', '2017-07-31 06:00:40'),
(4, '贵州医科大学', 'http://720yun.esowav.com/tour/74cca8846c02a03e', '/uploads/photos/1_1501510205image-1501510284010.default.png', '贵州医科大学（Guizhou Medical University），简称贵医，始建于1938年，原名国立贵阳医学院，是当时隶属于教育部的全国九所国立医学院校之一，1950年划归贵州省人民政府管理，更名为贵阳医学院。', '2017-07-31 06:10:06', '2017-08-16 16:56:01');

-- --------------------------------------------------------

--
-- 表的结构 `part_time_jobs`
--

CREATE TABLE IF NOT EXISTS `part_time_jobs` (
  `id` int(10) unsigned NOT NULL,
  `name` varchar(45) COLLATE utf8_unicode_ci NOT NULL COMMENT '企业名称',
  `position_type` varchar(45) COLLATE utf8_unicode_ci NOT NULL COMMENT '职位类别',
  `salary` varchar(100) COLLATE utf8_unicode_ci NOT NULL COMMENT '薪资水平',
  `person_count` varchar(45) COLLATE utf8_unicode_ci NOT NULL COMMENT '招聘人数',
  `sex` enum('male','female','all') COLLATE utf8_unicode_ci NOT NULL COMMENT '性别要求',
  `position_desc` text COLLATE utf8_unicode_ci NOT NULL COMMENT '职位描述',
  `work_place` varchar(100) COLLATE utf8_unicode_ci NOT NULL COMMENT '工作地点',
  `work_time` varchar(100) COLLATE utf8_unicode_ci NOT NULL COMMENT '工作时间',
  `contact` varchar(20) COLLATE utf8_unicode_ci NOT NULL COMMENT '联系人',
  `contact_phone` varchar(40) COLLATE utf8_unicode_ci NOT NULL COMMENT '联系电话',
  `qq` varchar(20) COLLATE utf8_unicode_ci DEFAULT NULL COMMENT 'QQ',
  `email` varchar(100) COLLATE utf8_unicode_ci DEFAULT NULL COMMENT '邮箱',
  `comment` varchar(200) COLLATE utf8_unicode_ci DEFAULT NULL COMMENT '备注',
  `created_at` timestamp NULL DEFAULT NULL,
  `updated_at` timestamp NULL DEFAULT NULL
) ENGINE=InnoDB AUTO_INCREMENT=24 DEFAULT CHARSET=utf8 COLLATE=utf8_unicode_ci;

--
-- 转存表中的数据 `part_time_jobs`
--

INSERT INTO `part_time_jobs` (`id`, `name`, `position_type`, `salary`, `person_count`, `sex`, `position_desc`, `work_place`, `work_time`, `contact`, `contact_phone`, `qq`, `email`, `comment`, `created_at`, `updated_at`) VALUES
(1, '测试版（暂时）', '派单', '70/天', '3', 'all', '要求：吃苦耐劳，认真负责，能连续做优先。三天', '贵阳市女子职业技术学院门口集合', '2017-04-19', '测试版', '15934689717', '156496515614651', '15613210231023', '', '2017-04-25 19:27:36', '2017-04-25 19:32:37'),
(2, '兼职或全职话务员', '兼职或全职话务员', '70', '50', 'female', '工作内容  : 话务员（限女生）\r\n工作要求：服从管理 \r\n年龄要求:16-30岁！！\r\n上班时间:09:00到下午17:30（8:30准时到集合点集合）\r\n', '金阳悦山湖销售中心门口集合', '2017-05-22', '小朋', '18185105196', '', '', '鸽子勿扰    鸽子勿扰', '2017-05-21 02:37:03', '2017-05-21 02:37:03'),
(3, '长期兼职话务员1人', '长期兼职话务员1人', '70中餐  每周一结', '1', 'all', '限女生(周一（22号）开始上班，能连做五天的都可以报名)。\r\n', '市公安局附近（69路土巴寨公交站下车）', '2017-05-21', '微信同号', '15934689717(微信同号)', '', '', '', '2017-05-21 02:38:48', '2017-05-21 02:38:48'),
(4, '派单推广', '派单推广', '100元/天+提成', '18', 'all', '工作内容：派单推广\r\n工作时间：10：00-16：00\r\n5月22日及之后的兼职18人\r\n\r\n', '', '2017-05-21', '急！急！急！', '18798829204', '', '', '要求：男女不限，认真负责，鸽子勿扰。\r\n工作地点：\r\n（油榨街和宝山师大18798829204）   \r\n（火车站18685050135） \r\n（花溪大道15519569716）\r\n（碧海花园13648533540 在金阳）\r\n（宅吉小区（大营坡过去一个站）18892333720）\r\n报名方式：名字加电话报名。', '2017-05-21 02:43:26', '2017-05-21 02:43:26'),
(5, '蜂蜜柚子茶促销', '蜂蜜柚子茶促销', '20元/天 管饭', '', 'all', '有点忙，需要勤奋一点的', '', '', '微信咨询 xiaoqiang-13081', '微信咨询 xiaoqiang-130819', '', '', '', '2017-05-21 02:44:41', '2017-05-21 02:44:41'),
(6, '音访问问卷调查', '音访问问卷调查', '70元/半个小时', '', 'male', '只需半个小时。做完即可结账走人\r\n', '花溪孟关汽配城', '2017-05-20', '15985556483', '15985556483', '1224090897', '', '男生23岁以上。至少23。(身份证上显示23)需要做个15分钟的电话培训\r\n', '2017-05-21 02:47:11', '2017-05-21 02:47:11'),
(7, '黔味鲜餐饮管理有限公司', '招聘端午节兼职人员3名', '100元一天包食宿', '3', 'male', '', '云漫湖瑞士小镇', '', '小杜', '18212052124', '', '', '做27号，星期六一天。\r\n', '2017-05-22 22:13:23', '2017-05-22 22:13:23'),
(8, '红星美凯龙', '急招话务员', '70+提成（每一个意向客户4元，每天综合工资90-120）', '5', 'all', '5人，男女不限\r\n今天明天两天，现在能赶过去的都可以', '油榨街红星美凯龙', '2017-05-23', '18286149807', '18286149807', '', '', '', '2017-05-22 22:18:27', '2017-05-22 22:18:27'),
(9, '凯宾斯基酒店', '兼职服务员', '工资十元一小时，包吃住、工资按时计算', '', 'male', '急招急招今天贵阳兼职23号现结，2男3女招满为止', '市区小十字护国路凯宾斯基酒店', '2017-05-23', '王', '13595947317', '', '', '每人必须带一张身份证复印件和黑色的鞋子，报名方式：编辑短信、姓名、性别发送到13595947317王 ', '2017-05-22 22:20:41', '2017-05-22 22:20:41'),
(10, '数博会保安10名限男生', '数博会保安10名限男生', '80/天 包中餐  完工结算', '10', 'male', '安保执勤\r\n男 18-30岁  身高170以上  \r\n【工作时间】：2017年5月24日早7.00-13.00。', '贵安新区', '2017-05-23', '18785121941', '18785121941', '1948928229', '', '招满即止！鸽子勿扰！', '2017-05-22 22:24:10', '2017-05-22 22:24:10'),
(11, '招聘超市促销员30名！', '招聘超市促销员30名！', '80/天，工资现结', '80', 'female', '上班地点，北京华联贵山、宅吉、湘雅，星力中华、瑞金、元隆、广场、大昌隆，沃尔玛人民广场，永辉金源店、永辉新世界花园店，新添寨永辉等。\r\n上班时间：9：00-18：00中午有一个小时吃饭和休息时间（特殊情况可调整上下班时间）\r\n薪资待遇：周五、六、日连上，80/天，工资现结\r\n\r\n', '北京华联贵山、宅吉、湘雅，星力中华、瑞金、元隆、广场、大昌隆，沃尔玛人民广场，永辉金源店、永辉新世界花园店，新添寨永辉等', '2017-05-23', '微信同步', '15185061370', '', '', '要求：女生，年龄18岁-40岁，有无工作经验均可，没有身高长相要求，无任务，不需要面试，没有健康证的周一至周四早上十一点半之前到医院办理，公司出示资料，免费办理。\r\n', '2017-05-22 22:27:30', '2017-05-22 22:27:30'),
(12, '阿锟吉他音乐工作室', '传单业务员', '工资：100元（6个小时）     一天当天发', '', 'all', '要求：1.喜欢说话，和陌生人说话不紧张，    2.面试培训后上岗（可长期兼职）\r\n小伙伴兼职免费学吉他', '小河万科大都会后恒森自在城3栋29楼2901室。', '2017-05-23', '耿老师', '15985146421', '', '', '', '2017-05-22 22:29:38', '2017-05-22 22:29:38'),
(13, '校园兼职', '校园兼职', '85元', '10', 'all', '兼职详情:穿黑色鞋子，  包餐包接送，男生4人，身高170左右，女生6人，身高160左右\r\n\r\n时间:明天07:00-13:30，6:40学校门口集合', '贵安新区开元酒店', '', '18798063105', '18798063105', '', '', '', '2017-05-22 22:33:37', '2017-05-22 22:33:37'),
(14, '去哪儿网', '校园兼职', '100元/天', '', 'all', '去哪儿网推广兼职，负责去哪儿网的礼品发放及产品推广', '校园兼职', '', '18786120736', '18786120736', '936970317', '', '', '2017-05-22 22:34:46', '2017-05-22 22:34:46'),
(15, '贵州饭店', '服务员', '80日结', '10人', 'female', '工作时间:5月24日 14:00——20:00\r\n人员要求：1、性别：女；2、年龄：18-30岁；3：身高：160cm以上，不能太矮太胖；4：热情开朗、口齿伶俐；5：五官端正、容貌姣好\r\n严禁迟到，放鸽子等', '', '2017-05-24', '18111968718', '18111968718', '', '', '', '2017-05-22 22:46:44', '2017-05-22 22:46:44'),
(16, '校园兼职', '帖海报', '', '', 'all', '自己安排时间（总的40张海报，每天贴8张，5天贴完）；薪资：每张海报2元，40张海报80元。【到凯宾斯基来拿单页，今天都可以开始。】\r\n', '财大、贵大、师大', '', '15501895600', '15501895600', '', '', '', '2017-05-22 22:48:05', '2017-05-22 22:48:05'),
(17, '派发传单 10个', '派发传单 10个', '80/天  日结', '10', 'all', '【工作时间】：2017.5.23 早上9点到晚上6点  \r\n【集合地点】：贵阳一中对面景怡苑北区高层1栋1单元1楼102号\r\n', '贵阳一中对面景怡苑北区高层1栋1单元1楼102号', '', '15285076502', '15285076502', '', '', '', '2017-05-22 22:51:15', '2017-05-22 22:51:15'),
(18, '兼职发单人员', '兼职发单人员', '70一天日结', '', 'male', '', '复烤厂美林谷销售中心（乘204、53路到西南环路口下车即可）', '2017-05-23', '17308509527（微信同号）', '17308509527（微信同号）', '', '', '', '2017-05-22 22:52:04', '2017-05-22 22:52:04'),
(19, '招聘举牌兼职人员 ', '举牌', '40元', '', 'all', '6月7号-6月8号下午6.30-8.30\r\n', '观水路（南明小学门口，省委斜对面）（集合地点）', '2017-06-08', '微信18386273673', '微信18386273673', '', '', '', '2017-06-07 05:23:56', '2017-06-07 05:23:56'),
(20, '招聘2人健康证促销员', '促销员', '100/天', '2', 'female', '促销产品:茫椰谷农产品\r\n:两名商品促销员  要求女生 必须有健康证 \r\n早上9点到下午8点。中途能午休两小时(周四要有时间过来办理入场证) ', '北京华联宅吉店  ', '2017-06-09', '18111968718', '18111968718', '', '', '', '2017-06-07 05:25:54', '2017-06-07 05:25:54'),
(21, '兼职发传单人员', '兼职发传单人员', '60', '5', 'all', '下午2:00到7:00需要5人', '大学城  ', '2017-06-08', '微信报名:LF1208919', '微信报名:LF1208919', '', '', '', '2017-06-07 05:27:34', '2017-06-07 05:27:34'),
(22, '明天急招话务员', '话务员', '70加提成 一单50上不封顶 ', '20', 'female', '上班时间:10点到18点\r\n集合时间地点:9点30到油榨街 红星美凯龙大门口 （超过9点30无效）\r\n中途休息一小时\r\n 20人 限女生\r\n\r\n\r\n', '集合时间地点:9点30到油榨街 红星美凯龙大门口', '2017-06-07', '13037887564微信同号', '13037887564微信同号', '', '', '', '2017-06-07 05:29:21', '2017-06-07 05:29:21'),
(23, '贵阳大十字附近酒店兼职服务', '贵阳大十字附近酒店兼职服务', '时十元每小时', '8', 'male', '5男3女\r\n计时十元每小时，包吃住\r\n', '', '', '13595947317', '13595947317', '', '', '联系13595947317短信电话加名字报名', '2017-06-07 05:31:00', '2017-06-07 05:31:00');

-- --------------------------------------------------------

--
-- 表的结构 `password_resets`
--

CREATE TABLE IF NOT EXISTS `password_resets` (
  `email` varchar(255) COLLATE utf8_unicode_ci NOT NULL,
  `token` varchar(255) COLLATE utf8_unicode_ci NOT NULL,
  `created_at` timestamp NOT NULL
) ENGINE=InnoDB DEFAULT CHARSET=utf8 COLLATE=utf8_unicode_ci;

-- --------------------------------------------------------

--
-- 表的结构 `permissions`
--

CREATE TABLE IF NOT EXISTS `permissions` (
  `id` int(10) unsigned NOT NULL,
  `name` varchar(255) COLLATE utf8_unicode_ci NOT NULL,
  `display_name` varchar(255) COLLATE utf8_unicode_ci DEFAULT NULL,
  `description` varchar(255) COLLATE utf8_unicode_ci DEFAULT NULL,
  `created_at` timestamp NULL DEFAULT NULL,
  `updated_at` timestamp NULL DEFAULT NULL
) ENGINE=InnoDB AUTO_INCREMENT=9 DEFAULT CHARSET=utf8 COLLATE=utf8_unicode_ci;

--
-- 转存表中的数据 `permissions`
--

INSERT INTO `permissions` (`id`, `name`, `display_name`, `description`, `created_at`, `updated_at`) VALUES
(1, 'management_user', '管理用户', '可以修改用户或者删除用户', '2017-04-18 16:59:48', '2017-04-18 16:59:48'),
(2, 'management_photo', '管理照片', '管理用户上传的照片', '2017-04-18 16:59:48', '2017-04-18 16:59:48'),
(3, 'management_post', '管理文章', '管理文章，post表，驾校、帖子等', '2017-04-18 16:59:48', '2017-04-18 16:59:48'),
(4, 'management_job', '管理兼职', '管理兼职，对兼职表增删查改', '2017-04-18 16:59:48', '2017-04-18 16:59:48'),
(5, 'management_lease', '管理租赁', '管理租赁，对租赁表增删查改', '2017-04-18 16:59:48', '2017-04-18 16:59:48'),
(6, 'management_table', '管理课程表', '管理课程表，对课程表增删查改', '2017-04-18 16:59:48', '2017-04-18 16:59:48'),
(7, 'management_secondary', '管理二手市场', '管理二手市场，对二手市场表增删查改', '2017-04-18 16:59:48', '2017-04-18 16:59:48'),
(8, 'management_permission', '管理权限', '管理权限，对权限增删查改', '2017-04-18 16:59:48', '2017-04-18 16:59:48');

-- --------------------------------------------------------

--
-- 表的结构 `permission_role`
--

CREATE TABLE IF NOT EXISTS `permission_role` (
  `permission_id` int(10) unsigned NOT NULL,
  `role_id` int(10) unsigned NOT NULL
) ENGINE=InnoDB DEFAULT CHARSET=utf8 COLLATE=utf8_unicode_ci;

-- --------------------------------------------------------

--
-- 表的结构 `posts`
--

CREATE TABLE IF NOT EXISTS `posts` (
  `id` int(10) unsigned NOT NULL,
  `title` varchar(100) COLLATE utf8_unicode_ci NOT NULL COMMENT '标题',
  `content` longtext COLLATE utf8_unicode_ci COMMENT '内容',
  `excerpt` text COLLATE utf8_unicode_ci COMMENT '摘要',
  `status` enum('draft','published','recycled') COLLATE utf8_unicode_ci NOT NULL DEFAULT 'draft' COMMENT '状态',
  `type` varchar(45) COLLATE utf8_unicode_ci NOT NULL COMMENT '类型',
  `tag` varchar(200) COLLATE utf8_unicode_ci DEFAULT NULL COMMENT '标签',
  `cover` varchar(255) COLLATE utf8_unicode_ci DEFAULT NULL COMMENT '封面',
  `published_time` datetime DEFAULT NULL COMMENT '发布时间',
  `view_count` int(11) NOT NULL DEFAULT '0' COMMENT '浏览量',
  `comment_count` int(11) NOT NULL DEFAULT '0' COMMENT '评论数',
  `favorite_count` int(11) NOT NULL DEFAULT '0' COMMENT '点赞数',
  `collected_count` int(11) NOT NULL DEFAULT '0' COMMENT '收藏数',
  `forward_count` int(11) NOT NULL DEFAULT '0' COMMENT '转发次数',
  `is_top` tinyint(1) NOT NULL DEFAULT '0' COMMENT '是否置顶',
  `meta_data` text COLLATE utf8_unicode_ci COMMENT '扩展数据',
  `created_at` timestamp NULL DEFAULT NULL,
  `updated_at` timestamp NULL DEFAULT NULL
) ENGINE=InnoDB AUTO_INCREMENT=3 DEFAULT CHARSET=utf8 COLLATE=utf8_unicode_ci;

--
-- 转存表中的数据 `posts`
--

INSERT INTO `posts` (`id`, `title`, `content`, `excerpt`, `status`, `type`, `tag`, `cover`, `published_time`, `view_count`, `comment_count`, `favorite_count`, `collected_count`, `forward_count`, `is_top`, `meta_data`, `created_at`, `updated_at`) VALUES
(1, '驾校信息测试驾校信息测试驾校信息测试驾校信息测试', '驾校信息测试驾校信息测试驾校信息测试驾校信息测试驾校信息测试驾校信息测试驾校信息测试驾校信息测试驾校信息测试驾校信息测试驾校信息测试驾校信息测试驾校信息测试驾校信息测试驾校信息测试驾校信息测试驾校信息测试驾校信息测试驾校信息测试驾校信息测试驾校信息测试驾校信息测试驾校信息测试驾校信息测试驾校信息测试驾校信息测试驾校信息测试驾校信息测试', '驾校信息测试驾校信息测试驾校信息测试驾校信息测试驾校信息测试驾校信息测试驾校信息测试驾校信息测试', 'draft', 'driving', '驾校', '/uploads/photos/1_1492743646image-1492743772059.default.jpg', NULL, 0, 0, 0, 0, 0, 0, NULL, '2017-04-20 19:00:55', '2017-05-24 00:31:12'),
(2, '吉源驾校', '我在吉源', '我在吉源', 'published', 'driving', '吉源驾校培训', '/uploads/photos/3_1494327148image-1494327131740..default.jpg', NULL, 0, 0, 0, 0, 0, 0, NULL, '2017-05-09 02:53:14', '2017-05-09 02:53:14');

-- --------------------------------------------------------

--
-- 表的结构 `roles`
--

CREATE TABLE IF NOT EXISTS `roles` (
  `id` int(10) unsigned NOT NULL,
  `name` varchar(255) COLLATE utf8_unicode_ci NOT NULL,
  `display_name` varchar(255) COLLATE utf8_unicode_ci DEFAULT NULL,
  `description` varchar(255) COLLATE utf8_unicode_ci DEFAULT NULL,
  `created_at` timestamp NULL DEFAULT NULL,
  `updated_at` timestamp NULL DEFAULT NULL
) ENGINE=InnoDB AUTO_INCREMENT=3 DEFAULT CHARSET=utf8 COLLATE=utf8_unicode_ci;

--
-- 转存表中的数据 `roles`
--

INSERT INTO `roles` (`id`, `name`, `display_name`, `description`, `created_at`, `updated_at`) VALUES
(1, 'role_admin', '超级管理员', '具有所有权限', '2017-04-18 16:59:48', '2017-04-18 16:59:48'),
(2, 'role_manager', '管理员', '具有大部分权限,但不能编辑和删除用户，也没有权限管理权限', '2017-04-18 16:59:48', '2017-04-18 16:59:48');

-- --------------------------------------------------------

--
-- 表的结构 `role_user`
--

CREATE TABLE IF NOT EXISTS `role_user` (
  `user_id` int(10) unsigned NOT NULL,
  `role_id` int(10) unsigned NOT NULL
) ENGINE=InnoDB DEFAULT CHARSET=utf8 COLLATE=utf8_unicode_ci;

-- --------------------------------------------------------

--
-- 表的结构 `schools`
--

CREATE TABLE IF NOT EXISTS `schools` (
  `id` int(10) unsigned NOT NULL,
  `name` varchar(45) COLLATE utf8_unicode_ci NOT NULL COMMENT '学校名称',
  `address` varchar(100) COLLATE utf8_unicode_ci NOT NULL COMMENT '学校地址',
  `province` varchar(20) COLLATE utf8_unicode_ci NOT NULL COMMENT '所在省份',
  `description` text COLLATE utf8_unicode_ci COMMENT '学校介绍',
  `created_at` timestamp NULL DEFAULT NULL,
  `updated_at` timestamp NULL DEFAULT NULL
) ENGINE=InnoDB AUTO_INCREMENT=10 DEFAULT CHARSET=utf8 COLLATE=utf8_unicode_ci;

--
-- 转存表中的数据 `schools`
--

INSERT INTO `schools` (`id`, `name`, `address`, `province`, `description`, `created_at`, `updated_at`) VALUES
(1, '贵州大学明德学院', '大学城', '', '', '2017-05-09 02:56:11', '2017-05-09 17:04:23'),
(2, '贵州财经大学', '大学城', '', '', '2017-05-09 17:04:05', '2017-05-09 17:04:36'),
(3, '贵州师范大学', '大学城', '', '', '2017-05-09 17:04:54', '2017-05-09 17:04:54'),
(4, '城市学院', '大学城', '', '', '2017-05-09 17:05:11', '2017-05-09 17:05:11'),
(5, '贵阳中医学院', '大学城', '', '', '2017-05-09 17:05:51', '2017-05-09 17:22:33'),
(6, '贵州医科大学', '大学城', '', '', '2017-05-09 17:06:09', '2017-05-09 17:06:09'),
(7, '轻工职业技术学院', '大学城', '', '', '2017-05-09 17:06:31', '2017-05-09 17:22:56'),
(8, '贵州民族大学', '大学城', '', '', '2017-05-09 17:06:59', '2017-05-09 17:06:59'),
(9, '贵州民族大学人文科技学院', '大学城', '', '', '2017-05-09 17:09:32', '2017-05-09 17:16:30');

-- --------------------------------------------------------

--
-- 表的结构 `secondary_markets`
--

CREATE TABLE IF NOT EXISTS `secondary_markets` (
  `id` int(10) unsigned NOT NULL,
  `name` varchar(45) COLLATE utf8_unicode_ci NOT NULL COMMENT '产品名称',
  `title` varchar(100) COLLATE utf8_unicode_ci NOT NULL COMMENT '出售标题',
  `description` mediumtext COLLATE utf8_unicode_ci COMMENT '产品描述',
  `tag` varchar(255) COLLATE utf8_unicode_ci DEFAULT NULL COMMENT '标签',
  `cover` varchar(255) COLLATE utf8_unicode_ci DEFAULT NULL COMMENT '封面图片',
  `original_price` decimal(8,2) NOT NULL COMMENT '原价单价',
  `sale_price` decimal(8,2) NOT NULL COMMENT '售价单价',
  `total_qty` int(11) NOT NULL COMMENT '总数量',
  `sale_qty` int(11) NOT NULL DEFAULT '0' COMMENT '已售数量',
  `left_qty` int(11) NOT NULL COMMENT '剩余数量',
  `status` enum('pending','published') COLLATE utf8_unicode_ci NOT NULL DEFAULT 'pending' COMMENT '状态',
  `owner` int(10) unsigned NOT NULL COMMENT '产品所有者',
  `cellphone` varchar(100) COLLATE utf8_unicode_ci NOT NULL COMMENT '联系电话,多个逗号分隔',
  `images` text COLLATE utf8_unicode_ci COMMENT '产品图片,多个逗号分隔',
  `created_at` timestamp NULL DEFAULT NULL,
  `updated_at` timestamp NULL DEFAULT NULL
) ENGINE=InnoDB AUTO_INCREMENT=4 DEFAULT CHARSET=utf8 COLLATE=utf8_unicode_ci;

--
-- 转存表中的数据 `secondary_markets`
--

INSERT INTO `secondary_markets` (`id`, `name`, `title`, `description`, `tag`, `cover`, `original_price`, `sale_price`, `total_qty`, `sale_qty`, `left_qty`, `status`, `owner`, `cellphone`, `images`, `created_at`, `updated_at`) VALUES
(2, '魅族pro 5', '（测试）', '', '我QQ上弄来的', '/uploads/photos/3_1495536214image-1495536183439.default.jpg', '0.00', '1500.00', 1, 0, 0, 'published', 3, 'qq995605845', '/uploads/photos/3_1495536188image-1495536157945.default.jpg,/uploads/photos/3_1495536190image-1495536160237.default.jpg', '2017-05-23 02:45:26', '2017-05-23 02:45:26'),
(3, '二手iphone4', '二手iphone4', '支持联通3G，电信2G\r\n音量键坏，正常使用，成色6成\r\n女生使用，所以屏幕保护很好', '大学城送上门', '/uploads/photos/3_1496841580image-1496841534787.default.jpg', '0.00', '100.00', 1, 0, 0, 'published', 3, '18083103810', '/uploads/photos/3_1496841571image-1496841526311.default.jpg,/uploads/photos/3_1496841573image-1496841527922.default.jpg,/uploads/photos/3_1496841575image-1496841530011.default.jpg', '2017-06-07 05:21:54', '2017-06-07 05:21:54');

-- --------------------------------------------------------

--
-- 表的结构 `students`
--

CREATE TABLE IF NOT EXISTS `students` (
  `id` int(10) unsigned NOT NULL,
  `user_id` int(10) unsigned NOT NULL COMMENT '对应账户id',
  `school_id` int(10) unsigned DEFAULT NULL COMMENT '所读学校',
  `department_id` int(10) unsigned DEFAULT NULL COMMENT '所在系',
  `major_id` int(10) unsigned DEFAULT NULL COMMENT '所读专业',
  `grade` varchar(10) COLLATE utf8_unicode_ci DEFAULT NULL COMMENT '年级，比如02级',
  `class` varchar(10) COLLATE utf8_unicode_ci DEFAULT NULL COMMENT '班级，比如1班',
  `created_at` timestamp NULL DEFAULT NULL,
  `updated_at` timestamp NULL DEFAULT NULL
) ENGINE=InnoDB AUTO_INCREMENT=11 DEFAULT CHARSET=utf8 COLLATE=utf8_unicode_ci;

--
-- 转存表中的数据 `students`
--

INSERT INTO `students` (`id`, `user_id`, `school_id`, `department_id`, `major_id`, `grade`, `class`, `created_at`, `updated_at`) VALUES
(9, 1, 1, 1, 1, '哈哈哈', '自治州', '2017-05-11 19:26:11', '2017-05-11 19:26:46'),
(10, 16, 1, 1, 1, NULL, NULL, '2017-05-11 19:28:32', '2017-05-11 19:28:32');

-- --------------------------------------------------------

--
-- 表的结构 `timetables`
--

CREATE TABLE IF NOT EXISTS `timetables` (
  `id` int(10) unsigned NOT NULL,
  `course_id` int(10) unsigned NOT NULL COMMENT '课程',
  `grade` varchar(10) COLLATE utf8_unicode_ci NOT NULL COMMENT '年级，比如02级',
  `class` varchar(20) COLLATE utf8_unicode_ci NOT NULL COMMENT '班级，比如1班，多个逗号分隔',
  `teacher` varchar(10) COLLATE utf8_unicode_ci DEFAULT NULL COMMENT '上课老师',
  `place` varchar(45) COLLATE utf8_unicode_ci DEFAULT NULL COMMENT '上课地点',
  `type` enum('every','odd','even') COLLATE utf8_unicode_ci NOT NULL DEFAULT 'every' COMMENT '上课类型',
  `weekday` tinyint(4) NOT NULL COMMENT '星期几',
  `start_time` time NOT NULL COMMENT '上课开始时间',
  `end_time` time NOT NULL COMMENT '上课结束时间',
  `lessons` tinyint(4) DEFAULT NULL COMMENT '共多少课时',
  `comment` text COLLATE utf8_unicode_ci COMMENT '备注说明',
  `created_at` timestamp NULL DEFAULT NULL,
  `updated_at` timestamp NULL DEFAULT NULL
) ENGINE=InnoDB AUTO_INCREMENT=4 DEFAULT CHARSET=utf8 COLLATE=utf8_unicode_ci;

--
-- 转存表中的数据 `timetables`
--

INSERT INTO `timetables` (`id`, `course_id`, `grade`, `class`, `teacher`, `place`, `type`, `weekday`, `start_time`, `end_time`, `lessons`, `comment`, `created_at`, `updated_at`) VALUES
(1, 1, '14级', '游戏14151', '杨帆', 'D505', 'every', 2, '15:50:00', '17:30:00', NULL, '', '2017-05-09 03:00:01', '2017-05-09 17:37:59'),
(2, 2, '14级', '游戏14151', '杨波', 'B210', 'even', 1, '10:30:00', '12:00:00', NULL, '', '2017-05-09 03:16:34', '2017-05-09 17:37:16'),
(3, 3, '14级', '游戏14151', '孙瑞', 'B210', 'odd', 1, '10:30:00', '12:00:00', NULL, '', '2017-05-09 03:18:06', '2017-05-09 17:41:01');

-- --------------------------------------------------------

--
-- 表的结构 `users`
--

CREATE TABLE IF NOT EXISTS `users` (
  `id` int(10) unsigned NOT NULL,
  `nickname` varchar(20) COLLATE utf8_unicode_ci NOT NULL COMMENT '昵称',
  `cellphone` varchar(11) COLLATE utf8_unicode_ci NOT NULL COMMENT '手机号',
  `password` varchar(60) COLLATE utf8_unicode_ci NOT NULL,
  `avatar` varchar(255) COLLATE utf8_unicode_ci DEFAULT NULL COMMENT '头像',
  `type` enum('student','teacher','social','admin') COLLATE utf8_unicode_ci NOT NULL DEFAULT 'student' COMMENT '用户类型',
  `name` varchar(10) COLLATE utf8_unicode_ci DEFAULT NULL COMMENT '姓名',
  `email` varchar(100) COLLATE utf8_unicode_ci DEFAULT NULL COMMENT '邮箱',
  `qq` varchar(20) COLLATE utf8_unicode_ci DEFAULT NULL COMMENT 'qq',
  `sex` tinyint(4) NOT NULL DEFAULT '3' COMMENT '1男2女3保密',
  `signature` varchar(200) COLLATE utf8_unicode_ci DEFAULT NULL COMMENT '个性签名',
  `hobby` varchar(255) COLLATE utf8_unicode_ci DEFAULT NULL COMMENT '爱好，多个逗号分隔',
  `active` tinyint(1) NOT NULL DEFAULT '1' COMMENT '账号是否激活',
  `remember_token` varchar(100) COLLATE utf8_unicode_ci DEFAULT NULL,
  `created_at` timestamp NULL DEFAULT NULL,
  `updated_at` timestamp NULL DEFAULT NULL
) ENGINE=InnoDB AUTO_INCREMENT=24 DEFAULT CHARSET=utf8 COLLATE=utf8_unicode_ci;

--
-- 转存表中的数据 `users`
--

INSERT INTO `users` (`id`, `nickname`, `cellphone`, `password`, `avatar`, `type`, `name`, `email`, `qq`, `sex`, `signature`, `hobby`, `active`, `remember_token`, `created_at`, `updated_at`) VALUES
(1, '森林', '15117875524', '$2y$10$4BuIbW4Z4lKEDSbDU2BAAefSGz66G5YolHeaNTzpRSVQpI/0fsMAS', 'uploads/avatar/115994431d085e8.jpeg', 'admin', '徐森林', '495@qq.com', '73769458', 1, '做一个安静的美男子', NULL, 1, 'L76t7j7Yo9QkbbcpCTys4eOys44ioekzlMCoAKnYAAb0SbtQ50xvHuHnGBjq', '2017-04-19 17:15:14', '2017-09-11 03:45:09'),
(2, '叶四', '13078536006', '$2y$10$Wjlj8Qc83ruvV7bTzK6kM.sRXCnjb.IMpmdvrdK1HFP7WJGgoBn4K', NULL, 'admin', NULL, NULL, NULL, 3, NULL, NULL, 1, NULL, '2017-04-20 22:32:51', '2017-04-23 17:01:13'),
(3, '兰波', '18083103810', '$2y$10$SqKmWUOiYRakBw7VJvr4Bua9X6DBkr1mfs9zGWZTN3zAscfncrIoO', NULL, 'admin', NULL, NULL, NULL, 3, '给你一个眼神', NULL, 1, '6YuF3mrbQyYQtQR7phapZmtHsLIZVgxAG28Ds6UGHVk8AcH70Il5BdMTmtss', '2017-04-20 23:36:46', '2017-05-09 03:13:20'),
(4, '3655', '15117463659', '$2y$10$ANQPNBGOyWodDprIYiqYwe9kCE2aK43TBU3c2iSL.bkgnHZVVv7m6', NULL, 'student', NULL, NULL, NULL, 3, NULL, NULL, 1, NULL, '2017-04-21 00:43:29', '2017-04-21 06:21:01'),
(5, 'sky灬菲菲', '18311643938', '$2y$10$fb2Jz3UgnqJqDWfFgvboxe4ldvmCdOhFc0yelUQJh9NBi38K16Xrm', NULL, 'student', NULL, NULL, NULL, 3, NULL, NULL, 1, NULL, '2017-04-21 06:02:23', '2017-04-21 06:20:58'),
(6, '妮妮你你妮', '18302580614', '$2y$10$cumZTTrm7UvpcIO/TasEte46k0aCP4QDA5QfK/N.lYoLpQ3cP4nMS', NULL, 'student', NULL, NULL, NULL, 3, NULL, NULL, 1, NULL, '2017-04-21 06:22:33', '2017-05-09 03:07:23'),
(7, '紫茉', '18275062575', '$2y$10$gtyHnR7oxUKL/Rf.eL1d/u.YWynwnhpKk7PBooovo9vBSAwDAoCJa', NULL, 'student', NULL, NULL, NULL, 3, NULL, NULL, 1, NULL, '2017-04-21 06:28:24', '2017-04-21 06:28:24'),
(8, '失眠兄', '13087858856', '$2y$10$gScidqBXD0Gjt2NoiSkmiOoJ.EkLH4r4Amv1nu1Q4QV9xwgNoXKLy', NULL, 'student', NULL, NULL, NULL, 3, NULL, NULL, 1, NULL, '2017-04-23 05:38:38', '2017-04-23 05:38:38'),
(9, 'CHEN', '18798787180', '$2y$10$30SGewXZ65f81JmxqcyutOOgrT609P1NIPitvjDGHDGamgfroibWG', NULL, 'student', NULL, NULL, NULL, 3, NULL, NULL, 1, NULL, '2017-05-02 00:23:59', '2017-05-02 00:23:59'),
(10, '昔日笑靥如花', '13027844118', '$2y$10$FImE6lvnZCYHybFaAtd37Oe7ufFoapVyQ9Y9LaauTTFmNhBZ7UA22', NULL, 'student', NULL, NULL, NULL, 3, NULL, NULL, 1, NULL, '2017-05-02 00:42:18', '2017-05-02 00:42:18'),
(11, '影ing', '18275127597', '$2y$10$o9bm5A6FIF5H6firPDkol.aTCn5StXBtxKSqrRY7jKn7q5I8TA71y', NULL, 'student', NULL, NULL, NULL, 3, NULL, NULL, 1, NULL, '2017-05-02 01:05:54', '2017-05-02 01:05:54'),
(12, '哈哈哈', '13385144764', '$2y$10$DTfk9.rYmH7GF5SnheFfsu6mDdFVrlr4dK62DhZV3gbE/72g8nuHS', NULL, 'student', NULL, NULL, NULL, 3, NULL, NULL, 1, NULL, '2017-05-02 02:56:04', '2017-05-02 02:56:04'),
(13, '同城送货搬家', '18302601697', '$2y$10$wleNKT7GqdVmP/6AnS5Tfe/pjroDkh4kuqZ5N//qR7TF.P5XMf0Qa', NULL, 'student', NULL, NULL, NULL, 3, NULL, NULL, 1, NULL, '2017-05-02 03:26:31', '2017-05-02 03:26:31'),
(14, 'Clara', '18275263173', '$2y$10$x2i19yp6ptPrjTuZFeelgOKyxW80Jvc73B1IjRH1rCArCwKrJlv3W', NULL, 'student', NULL, NULL, NULL, 3, NULL, NULL, 1, NULL, '2017-05-02 04:59:08', '2017-05-02 04:59:08'),
(15, '古韵', '18286020614', '$2y$10$vRrwICam70PdDZnxi07/FePEq3SUAjvgz8DZPekSWhmbzAQ5wZP4i', NULL, 'student', NULL, NULL, NULL, 3, NULL, NULL, 1, NULL, '2017-05-02 05:01:04', '2017-05-02 05:01:04'),
(16, '未将对象引', '18508501095', '$2y$10$gaSaIIfNawsg4O5XmgASIO8Asf/HqYIYPbbKMTcPYznpOoTyCGNKq', NULL, 'student', NULL, NULL, NULL, 1, '最美的不是下雨天，是曾与你躲过雨的雨檐', NULL, 1, NULL, '2017-05-03 21:19:50', '2017-05-03 21:21:07'),
(17, 'lky', '13595404606', '$2y$10$2A/Wp/GuvpgtuZum5PJmAeG6.8VkUhakFeigPQBynD0DYJ9WWeAkW', NULL, 'student', NULL, NULL, NULL, 3, NULL, NULL, 1, NULL, '2017-05-09 04:52:56', '2017-05-09 04:52:56'),
(18, '漆红', '15761602585', '$2y$10$HlwFU9D.tQlQBkw55tJ0Pe6Zuccn6PmV7VjbqVYGGoM.eqijFJ2Ca', NULL, 'student', NULL, NULL, NULL, 3, NULL, NULL, 1, NULL, '2017-05-09 17:36:54', '2017-05-09 17:36:54'),
(19, '周成', '18798892045', '$2y$10$mcmcovTKlWao4r0MxE0tcOdhfIMTpvr9Ii55nKfBm4fgDIXrZtbM.', NULL, 'student', NULL, NULL, NULL, 3, NULL, NULL, 1, NULL, '2017-05-19 01:59:19', '2017-05-19 01:59:19'),
(20, 'lll', '13087811815', '$2y$10$Y7oFzFe5i6InLXV76/H/b.jVXeRugZridLGLs6AwDs01vLqCPPheC', NULL, 'student', NULL, NULL, NULL, 3, NULL, NULL, 1, NULL, '2017-05-24 00:17:42', '2017-05-24 00:17:42'),
(21, '兰博是我徒弟', '15685174191', '$2y$10$xMcsvUWcg/RJCk0M8TLqm.B2KbZyZ.ggl4vFD.hEjjvwe6WsiY5BS', NULL, 'student', NULL, NULL, NULL, 3, NULL, NULL, 1, NULL, '2017-05-24 00:29:59', '2017-05-24 00:29:59'),
(22, '黔程服装租赁', '18285078894', '$2y$10$DV53/TXutLvqeyXAB52W5OkMjfKIxIw7U3XrjFu.GIf2Bp8mvxLcW', 'uploads/avatar/222259314654e2dc7.jpeg', 'student', '吴土豆', NULL, NULL, 3, NULL, NULL, 1, NULL, '2017-05-30 20:49:06', '2017-06-02 03:05:50'),
(23, '520', '12345678912', '$2y$10$gNJUQvsWXvKCGqHAVgZHSO1HmBkOMqs4RK2ArFPNblyiq9fflqb2y', NULL, 'student', NULL, NULL, NULL, 3, NULL, NULL, 1, NULL, '2017-07-31 06:18:01', '2017-07-31 06:18:01');

-- --------------------------------------------------------

--
-- 表的结构 `user_lease_comments`
--

CREATE TABLE IF NOT EXISTS `user_lease_comments` (
  `id` int(10) unsigned NOT NULL,
  `content` varchar(500) COLLATE utf8_unicode_ci NOT NULL COMMENT '回复内容',
  `author` int(10) unsigned NOT NULL COMMENT '作者',
  `lease_id` int(10) unsigned NOT NULL COMMENT '租赁',
  `reply_to` int(10) unsigned DEFAULT NULL COMMENT '回复哪条评论',
  `created_at` timestamp NULL DEFAULT NULL,
  `updated_at` timestamp NULL DEFAULT NULL
) ENGINE=InnoDB AUTO_INCREMENT=9 DEFAULT CHARSET=utf8 COLLATE=utf8_unicode_ci;

--
-- 转存表中的数据 `user_lease_comments`
--

INSERT INTO `user_lease_comments` (`id`, `content`, `author`, `lease_id`, `reply_to`, `created_at`, `updated_at`) VALUES
(1, '百度等等', 1, 1, NULL, '2017-04-25 18:23:27', '2017-04-25 18:23:27'),
(2, '回复成功。哈哈哈', 1, 1, NULL, '2017-04-25 18:24:30', '2017-04-25 18:24:30'),
(3, '测试评论。哈哈哈', 1, 2, NULL, '2017-04-27 21:43:12', '2017-04-27 21:43:12'),
(4, '多少钱啊', 2, 2, NULL, '2017-04-29 04:28:41', '2017-04-29 04:28:41'),
(5, '哈哈哈哈', 1, 3, NULL, '2017-05-08 21:34:17', '2017-05-08 21:34:17'),
(6, '哈哈哈哈', 1, 3, NULL, '2017-05-08 21:34:30', '2017-05-08 21:34:30'),
(7, '我不能选择人回复。。', 3, 2, NULL, '2017-05-09 03:10:19', '2017-05-09 03:10:19'),
(8, '很好的样子哦', 16, 13, NULL, '2017-05-11 19:26:44', '2017-05-11 19:26:44');

-- --------------------------------------------------------

--
-- 表的结构 `user_lease_flows`
--

CREATE TABLE IF NOT EXISTS `user_lease_flows` (
  `id` int(10) unsigned NOT NULL,
  `user_id` int(10) unsigned NOT NULL COMMENT '用户',
  `lease_id` int(10) unsigned NOT NULL COMMENT '租赁',
  `type` enum('favorite','collect') COLLATE utf8_unicode_ci NOT NULL COMMENT '点赞,收藏',
  `created_at` timestamp NULL DEFAULT NULL,
  `updated_at` timestamp NULL DEFAULT NULL
) ENGINE=InnoDB AUTO_INCREMENT=13 DEFAULT CHARSET=utf8 COLLATE=utf8_unicode_ci;

--
-- 转存表中的数据 `user_lease_flows`
--

INSERT INTO `user_lease_flows` (`id`, `user_id`, `lease_id`, `type`, `created_at`, `updated_at`) VALUES
(9, 1, 2, 'favorite', '2017-04-27 22:24:25', '2017-04-27 22:24:25'),
(10, 1, 3, 'favorite', '2017-05-08 21:34:21', '2017-05-08 21:34:21'),
(12, 16, 20, 'favorite', '2017-05-11 19:27:38', '2017-05-11 19:27:38');

-- --------------------------------------------------------

--
-- 表的结构 `user_photos`
--

CREATE TABLE IF NOT EXISTS `user_photos` (
  `id` int(10) unsigned NOT NULL,
  `message` varchar(100) COLLATE utf8_unicode_ci DEFAULT NULL COMMENT '留言',
  `photo` text COLLATE utf8_unicode_ci NOT NULL COMMENT '照片',
  `user_id` int(10) unsigned NOT NULL COMMENT '上传用户',
  `latitude` varchar(20) COLLATE utf8_unicode_ci NOT NULL COMMENT '纬度',
  `longitude` varchar(20) COLLATE utf8_unicode_ci NOT NULL COMMENT '经度',
  `place` varchar(50) COLLATE utf8_unicode_ci NOT NULL COMMENT '发送地点',
  `province` varchar(20) COLLATE utf8_unicode_ci NOT NULL COMMENT '省份',
  `city` varchar(20) COLLATE utf8_unicode_ci NOT NULL COMMENT '城市',
  `view_count` int(11) NOT NULL DEFAULT '0' COMMENT '浏览数量',
  `comment_count` int(11) NOT NULL DEFAULT '0' COMMENT '评论数量',
  `favorite_count` int(11) NOT NULL DEFAULT '0' COMMENT '点赞数量',
  `collect_count` int(11) NOT NULL DEFAULT '0' COMMENT '收藏数量',
  `created_at` timestamp NULL DEFAULT NULL,
  `updated_at` timestamp NULL DEFAULT NULL
) ENGINE=InnoDB AUTO_INCREMENT=29 DEFAULT CHARSET=utf8 COLLATE=utf8_unicode_ci;

--
-- 转存表中的数据 `user_photos`
--

INSERT INTO `user_photos` (`id`, `message`, `photo`, `user_id`, `latitude`, `longitude`, `place`, `province`, `city`, `view_count`, `comment_count`, `favorite_count`, `collect_count`, `created_at`, `updated_at`) VALUES
(1, '找一个男朋友。。', 'uploads/selfie/015901a4de4fb73.jpeg', 1, '', '', '', '', '贵州省贵阳市花溪区花溪大学城', 0, 0, 0, 0, '2017-04-26 23:59:26', '2017-04-26 23:59:26'),
(2, '太不靠谱了', 'uploads/selfie/015901a604091eb.jpeg', 1, '', '', '', '', '贵州省贵阳市花溪区花溪大学城', 0, 0, 0, 0, '2017-04-27 00:04:20', '2017-04-27 00:04:20'),
(3, '在此测试', 'uploads/selfie/015901a73a970c9.jpeg', 1, '', '', '', '', '贵州省贵阳市花溪区花溪大学城', 0, 0, 0, 0, '2017-04-27 00:09:30', '2017-04-27 00:09:30'),
(4, '哈哈哈哈哈(ಡωಡ)hiahiahia ', 'uploads/selfie/015901a77e7fdd3.jpeg', 1, '', '', '', '', '贵州省贵阳市花溪区花溪大学城', 0, 0, 0, 0, '2017-04-27 00:10:38', '2017-04-27 00:10:38'),
(5, '手机图。。。', 'uploads/selfie/015901a7a21f51b.jpeg', 1, '', '', '', '', '贵州省贵阳市花溪区花溪大学城', 0, 0, 0, 0, '2017-04-27 00:11:14', '2017-04-27 00:11:14'),
(6, '哈哈哈啊哈哈', 'uploads/selfie/02590486d411bc6.jpeg', 2, '', '', '', '', '贵州省贵阳市花溪区花溪大学城', 0, 0, 0, 0, '2017-04-29 04:28:04', '2017-04-29 04:28:04'),
(7, '看我帅不？', 'uploads/selfie/0359083d1bc3a6b.jpeg', 3, '', '', '', '', '贵州省贵阳市花溪区花溪大学城', 0, 0, 0, 0, '2017-05-02 00:02:35', '2017-05-02 00:02:35'),
(8, '看我帅不？', 'uploads/selfie/0359083d21e0b4d.jpeg', 3, '', '', '', '', '贵州省贵阳市花溪区花溪大学城', 0, 0, 0, 0, '2017-05-02 00:02:41', '2017-05-02 00:02:41'),
(9, '', 'uploads/selfie/09590843cce4580.jpeg', 9, '', '', '', '', '贵州省贵阳市花溪区花溪大学城', 0, 0, 0, 0, '2017-05-02 00:31:08', '2017-05-02 00:31:08'),
(10, '要有一双善于发现美的眼睛', 'uploads/selfie/010590847343908c.jpeg', 10, '', '', '', '', '贵州省贵阳市花溪区花溪大学城', 0, 0, 0, 0, '2017-05-02 00:45:40', '2017-05-02 00:45:40'),
(11, '。。。。', 'uploads/selfie/01159084da774d25.jpeg', 11, '', '', '', '', '贵州省贵阳市花溪区花溪大学城', 0, 0, 0, 0, '2017-05-02 01:13:11', '2017-05-02 01:13:11'),
(12, '发了看看', 'uploads/selfie/012590865f660efb.jpeg', 12, '', '', '', '', '贵州省贵阳市花溪区花溪大学城', 0, 0, 0, 0, '2017-05-02 02:56:54', '2017-05-02 02:56:54'),
(13, '发了看看', 'uploads/selfie/012590865ff5784c.jpeg', 12, '', '', '', '', '贵州省贵阳市花溪区花溪大学城', 0, 0, 0, 0, '2017-05-02 02:57:03', '2017-05-02 02:57:03'),
(14, '需要的朋友联系18302601697', 'uploads/selfie/01359086d6984e42.jpeg', 13, '', '', '', '', '贵州省贵阳市花溪区花溪大学城', 0, 0, 0, 0, '2017-05-02 03:28:41', '2017-05-02 03:28:41'),
(15, '嗯哼！加油这是一个假的自拍哈哈', 'uploads/selfie/014590884b69d596.jpeg,uploads/selfie/114590884b69d882.jpeg', 14, '', '', '', '', '贵州省贵阳市花溪区花溪大学城', 0, 0, 0, 0, '2017-05-02 05:08:06', '2017-05-02 05:08:06'),
(16, '结果导向思维', 'uploads/selfie/01459088c4786981.jpeg', 14, '', '', '', '', '贵州省贵阳市花溪区花溪大学城', 0, 0, 0, 0, '2017-05-02 05:40:23', '2017-05-02 05:40:23'),
(17, '哈哈哈啊哈哈，知道这里是哪里吗？', 'uploads/selfie/016590aba7948da6.jpeg', 16, '', '', '', '', '贵州省贵阳市花溪区花溪大学城', 0, 0, 0, 0, '2017-05-03 21:22:01', '2017-05-03 21:22:01'),
(18, '美好的一天', 'uploads/selfie/0165918567d76868.jpeg', 16, '', '', '', '', '贵州省贵阳市花溪区花溪大学城', 0, 0, 0, 0, '2017-05-14 05:07:09', '2017-05-14 05:07:09'),
(19, '二手苹果六16G！1400元！需要的联系！', 'uploads/selfie/019591ec2b490124.jpeg,uploads/selfie/119591ec2b491394.jpeg', 19, '', '', '', '', '贵州省贵阳市花溪区花溪大学城', 0, 0, 0, 0, '2017-05-19 02:02:28', '2017-05-19 02:02:28'),
(20, '反反覆覆', 'uploads/selfie/0159201b4013b59.jpeg', 1, '', '', '', '', '贵州省贵阳市花溪区花溪大学城', 0, 0, 0, 0, '2017-05-20 02:32:32', '2017-05-20 02:32:32'),
(21, '吃长城开发', 'uploads/selfie/0159201b8e006d2.jpeg,uploads/selfie/1159201b8e01bcb.jpeg,uploads/selfie/2159201b8e02be8.jpeg', 1, '', '', '', '', '贵州省贵阳市花溪区花溪大学城', 0, 0, 0, 0, '2017-05-20 02:33:50', '2017-05-20 02:33:50'),
(22, '呵呵呵呵', 'uploads/selfie/0205925437e0c583.jpeg', 20, '', '', '', '', '贵州省贵阳市花溪区花溪大学城', 0, 0, 0, 0, '2017-05-24 00:25:34', '2017-05-24 00:25:34'),
(23, '老七啊嘞', 'uploads/selfie/0215925451da989b.jpeg', 21, '', '', '', '', '贵州省贵阳市花溪区花溪大学城', 0, 0, 0, 0, '2017-05-24 00:32:29', '2017-05-24 00:32:29'),
(24, '老七啊嘞', 'uploads/selfie/02159254522ef324.jpeg', 21, '', '', '', '', '贵州省贵阳市花溪区花溪大学城', 0, 0, 0, 0, '2017-05-24 00:32:34', '2017-05-24 00:32:34'),
(25, '发表于明德', 'uploads/selfie/015940d3fbc041b.jpeg', 1, '', '', '贵州大学明德学院', '', '贵州省贵阳市花溪区花溪大学城', 0, 0, 0, 0, '2017-06-13 22:13:15', '2017-06-13 22:13:15'),
(26, '为什么可以说神威·太湖之光用的是中国自主知识产权的国产CPU呢?申威这个公司收购了DEC的Alpha21164构架,这个...', 'uploads/selfie/015994428e975a0.jpeg', 1, '', '', '贵州大学明德学院', '', '贵州省贵阳市花溪区花溪大学城', 0, 0, 0, 0, '2017-08-16 05:03:10', '2017-08-16 05:03:10'),
(27, '俄罗斯宣布将进入无航母时代，西方国家却进入了沉思与恐惧之中！', 'uploads/selfie/0159944377e6722.jpeg', 1, '', '', '贵州大学明德学院', '', '贵州省贵阳市花溪区花溪大学城', 0, 0, 0, 0, '2017-08-16 05:07:03', '2017-08-16 05:07:03'),
(28, '气象台发布高温黄色预警 多地电网负荷创新高 中央气象台今天(29日)早上6点继续发布高温黄色预警。', 'uploads/selfie/015994ea8edb718.jpeg', 1, '', '', '贵州大学明德学院', '', '贵州省贵阳市花溪区花溪大学城', 0, 0, 0, 0, '2017-08-16 16:59:58', '2017-08-16 16:59:58');

-- --------------------------------------------------------

--
-- 表的结构 `user_photo_comments`
--

CREATE TABLE IF NOT EXISTS `user_photo_comments` (
  `id` int(10) unsigned NOT NULL,
  `content` varchar(200) COLLATE utf8_unicode_ci NOT NULL COMMENT '回复内容',
  `author` int(10) unsigned NOT NULL COMMENT '作者',
  `photo_id` int(10) unsigned NOT NULL COMMENT '照片',
  `reply_to` int(10) unsigned DEFAULT NULL COMMENT '回复哪条评论',
  `created_at` timestamp NULL DEFAULT NULL,
  `updated_at` timestamp NULL DEFAULT NULL
) ENGINE=InnoDB AUTO_INCREMENT=10 DEFAULT CHARSET=utf8 COLLATE=utf8_unicode_ci;

--
-- 转存表中的数据 `user_photo_comments`
--

INSERT INTO `user_photo_comments` (`id`, `content`, `author`, `photo_id`, `reply_to`, `created_at`, `updated_at`) VALUES
(1, '拍得不错啊！', 1, 10, NULL, '2017-05-12 00:46:12', '2017-05-12 00:46:12'),
(2, '测试。。', 1, 1, NULL, '2017-05-12 00:52:24', '2017-05-12 00:52:24'),
(3, '。。。。。。', 1, 17, NULL, '2017-05-12 00:59:26', '2017-05-12 00:59:26'),
(4, '发一个呗。。。', 1, 16, NULL, '2017-05-12 01:00:26', '2017-05-12 01:00:26'),
(5, '不错(*๓´╰╯`๓)♡', 1, 18, NULL, '2017-05-14 21:30:07', '2017-05-14 21:30:07'),
(6, '猫咪   ', 1, 25, NULL, '2017-06-13 22:14:54', '2017-06-13 22:14:54'),
(7, '嗯嗯！老铁稳。', 1, 28, NULL, '2017-08-16 20:17:59', '2017-08-16 20:17:59'),
(8, '哈哈哈真的吗', 16, 28, NULL, '2017-08-22 05:56:40', '2017-08-22 05:56:40'),
(9, '回家看举报', 1, 27, NULL, '2017-09-26 23:19:19', '2017-09-26 23:19:19');

-- --------------------------------------------------------

--
-- 表的结构 `user_photo_flows`
--

CREATE TABLE IF NOT EXISTS `user_photo_flows` (
  `user_id` int(10) unsigned NOT NULL COMMENT '用户',
  `photo_id` int(10) unsigned NOT NULL COMMENT '照片',
  `type` enum('favorite','collect') COLLATE utf8_unicode_ci NOT NULL COMMENT '点赞,收藏',
  `created_at` timestamp NULL DEFAULT NULL,
  `updated_at` timestamp NULL DEFAULT NULL
) ENGINE=InnoDB DEFAULT CHARSET=utf8 COLLATE=utf8_unicode_ci;

--
-- Indexes for dumped tables
--

--
-- Indexes for table `courses`
--
ALTER TABLE `courses`
  ADD PRIMARY KEY (`id`);

--
-- Indexes for table `departments`
--
ALTER TABLE `departments`
  ADD PRIMARY KEY (`id`);

--
-- Indexes for table `leases`
--
ALTER TABLE `leases`
  ADD PRIMARY KEY (`id`);

--
-- Indexes for table `majors`
--
ALTER TABLE `majors`
  ADD PRIMARY KEY (`id`);

--
-- Indexes for table `panoramas`
--
ALTER TABLE `panoramas`
  ADD PRIMARY KEY (`id`);

--
-- Indexes for table `part_time_jobs`
--
ALTER TABLE `part_time_jobs`
  ADD PRIMARY KEY (`id`);

--
-- Indexes for table `password_resets`
--
ALTER TABLE `password_resets`
  ADD KEY `password_resets_email_index` (`email`),
  ADD KEY `password_resets_token_index` (`token`);

--
-- Indexes for table `permissions`
--
ALTER TABLE `permissions`
  ADD PRIMARY KEY (`id`),
  ADD UNIQUE KEY `permissions_name_unique` (`name`);

--
-- Indexes for table `permission_role`
--
ALTER TABLE `permission_role`
  ADD PRIMARY KEY (`permission_id`,`role_id`),
  ADD KEY `permission_role_role_id_foreign` (`role_id`);

--
-- Indexes for table `posts`
--
ALTER TABLE `posts`
  ADD PRIMARY KEY (`id`);

--
-- Indexes for table `roles`
--
ALTER TABLE `roles`
  ADD PRIMARY KEY (`id`),
  ADD UNIQUE KEY `roles_name_unique` (`name`);

--
-- Indexes for table `role_user`
--
ALTER TABLE `role_user`
  ADD PRIMARY KEY (`user_id`,`role_id`),
  ADD KEY `role_user_role_id_foreign` (`role_id`);

--
-- Indexes for table `schools`
--
ALTER TABLE `schools`
  ADD PRIMARY KEY (`id`);

--
-- Indexes for table `secondary_markets`
--
ALTER TABLE `secondary_markets`
  ADD PRIMARY KEY (`id`);

--
-- Indexes for table `students`
--
ALTER TABLE `students`
  ADD PRIMARY KEY (`id`);

--
-- Indexes for table `timetables`
--
ALTER TABLE `timetables`
  ADD PRIMARY KEY (`id`);

--
-- Indexes for table `users`
--
ALTER TABLE `users`
  ADD PRIMARY KEY (`id`),
  ADD UNIQUE KEY `users_cellphone_unique` (`cellphone`);

--
-- Indexes for table `user_lease_comments`
--
ALTER TABLE `user_lease_comments`
  ADD PRIMARY KEY (`id`);

--
-- Indexes for table `user_lease_flows`
--
ALTER TABLE `user_lease_flows`
  ADD PRIMARY KEY (`id`);

--
-- Indexes for table `user_photos`
--
ALTER TABLE `user_photos`
  ADD PRIMARY KEY (`id`);

--
-- Indexes for table `user_photo_comments`
--
ALTER TABLE `user_photo_comments`
  ADD PRIMARY KEY (`id`);

--
-- AUTO_INCREMENT for dumped tables
--

--
-- AUTO_INCREMENT for table `courses`
--
ALTER TABLE `courses`
  MODIFY `id` int(10) unsigned NOT NULL AUTO_INCREMENT,AUTO_INCREMENT=4;
--
-- AUTO_INCREMENT for table `departments`
--
ALTER TABLE `departments`
  MODIFY `id` int(10) unsigned NOT NULL AUTO_INCREMENT,AUTO_INCREMENT=93;
--
-- AUTO_INCREMENT for table `leases`
--
ALTER TABLE `leases`
  MODIFY `id` int(10) unsigned NOT NULL AUTO_INCREMENT,AUTO_INCREMENT=26;
--
-- AUTO_INCREMENT for table `majors`
--
ALTER TABLE `majors`
  MODIFY `id` int(10) unsigned NOT NULL AUTO_INCREMENT,AUTO_INCREMENT=59;
--
-- AUTO_INCREMENT for table `panoramas`
--
ALTER TABLE `panoramas`
  MODIFY `id` int(10) unsigned NOT NULL AUTO_INCREMENT,AUTO_INCREMENT=5;
--
-- AUTO_INCREMENT for table `part_time_jobs`
--
ALTER TABLE `part_time_jobs`
  MODIFY `id` int(10) unsigned NOT NULL AUTO_INCREMENT,AUTO_INCREMENT=24;
--
-- AUTO_INCREMENT for table `permissions`
--
ALTER TABLE `permissions`
  MODIFY `id` int(10) unsigned NOT NULL AUTO_INCREMENT,AUTO_INCREMENT=9;
--
-- AUTO_INCREMENT for table `posts`
--
ALTER TABLE `posts`
  MODIFY `id` int(10) unsigned NOT NULL AUTO_INCREMENT,AUTO_INCREMENT=3;
--
-- AUTO_INCREMENT for table `roles`
--
ALTER TABLE `roles`
  MODIFY `id` int(10) unsigned NOT NULL AUTO_INCREMENT,AUTO_INCREMENT=3;
--
-- AUTO_INCREMENT for table `schools`
--
ALTER TABLE `schools`
  MODIFY `id` int(10) unsigned NOT NULL AUTO_INCREMENT,AUTO_INCREMENT=10;
--
-- AUTO_INCREMENT for table `secondary_markets`
--
ALTER TABLE `secondary_markets`
  MODIFY `id` int(10) unsigned NOT NULL AUTO_INCREMENT,AUTO_INCREMENT=4;
--
-- AUTO_INCREMENT for table `students`
--
ALTER TABLE `students`
  MODIFY `id` int(10) unsigned NOT NULL AUTO_INCREMENT,AUTO_INCREMENT=11;
--
-- AUTO_INCREMENT for table `timetables`
--
ALTER TABLE `timetables`
  MODIFY `id` int(10) unsigned NOT NULL AUTO_INCREMENT,AUTO_INCREMENT=4;
--
-- AUTO_INCREMENT for table `users`
--
ALTER TABLE `users`
  MODIFY `id` int(10) unsigned NOT NULL AUTO_INCREMENT,AUTO_INCREMENT=24;
--
-- AUTO_INCREMENT for table `user_lease_comments`
--
ALTER TABLE `user_lease_comments`
  MODIFY `id` int(10) unsigned NOT NULL AUTO_INCREMENT,AUTO_INCREMENT=9;
--
-- AUTO_INCREMENT for table `user_lease_flows`
--
ALTER TABLE `user_lease_flows`
  MODIFY `id` int(10) unsigned NOT NULL AUTO_INCREMENT,AUTO_INCREMENT=13;
--
-- AUTO_INCREMENT for table `user_photos`
--
ALTER TABLE `user_photos`
  MODIFY `id` int(10) unsigned NOT NULL AUTO_INCREMENT,AUTO_INCREMENT=29;
--
-- AUTO_INCREMENT for table `user_photo_comments`
--
ALTER TABLE `user_photo_comments`
  MODIFY `id` int(10) unsigned NOT NULL AUTO_INCREMENT,AUTO_INCREMENT=10;
--
-- 限制导出的表
--

--
-- 限制表 `permission_role`
--
ALTER TABLE `permission_role`
  ADD CONSTRAINT `permission_role_permission_id_foreign` FOREIGN KEY (`permission_id`) REFERENCES `permissions` (`id`) ON DELETE CASCADE ON UPDATE CASCADE,
  ADD CONSTRAINT `permission_role_role_id_foreign` FOREIGN KEY (`role_id`) REFERENCES `roles` (`id`) ON DELETE CASCADE ON UPDATE CASCADE;

--
-- 限制表 `role_user`
--
ALTER TABLE `role_user`
  ADD CONSTRAINT `role_user_role_id_foreign` FOREIGN KEY (`role_id`) REFERENCES `roles` (`id`) ON DELETE CASCADE ON UPDATE CASCADE,
  ADD CONSTRAINT `role_user_user_id_foreign` FOREIGN KEY (`user_id`) REFERENCES `users` (`id`) ON DELETE CASCADE ON UPDATE CASCADE;

/*!40101 SET CHARACTER_SET_CLIENT=@OLD_CHARACTER_SET_CLIENT */;
/*!40101 SET CHARACTER_SET_RESULTS=@OLD_CHARACTER_SET_RESULTS */;
/*!40101 SET COLLATION_CONNECTION=@OLD_COLLATION_CONNECTION */;
